{
  "results": [
    {
      "command": "java ../Java/BakerySimples.java 2",
      "mean": 0.685290708,
      "stddev": 0.021772633464463818,
      "median": 0.6792471280000001,
      "user": 0.36,
      "system": 0.05218750000000001,
      "min": 0.654196678,
      "max": 0.7242295780000001,
      "times": [
        0.6745547780000001,
        0.671746378,
        0.7242295780000001,
        0.6737738780000001,
        0.7068095780000001,
        0.663922278,
        0.698199878,
        0.6839394780000001,
        0.7015345780000001,
        0.654196678
      ],
      "exit_codes": [
        0,
        0,
        0,
        0,
        0,
        0,
        0,
        0,
        0,
        0
      ],
      "parameters": {
        "n_threads": "2"
      }
    },
    {
      "command": "java ../Java/BakerySimples.java 4",
      "mean": 0.6742107180000001,
      "stddev": 0.01878549433905499,
      "median": 0.6787365780000001,
      "user": 0.338125,
      "system": 0.028750000000000005,
      "min": 0.646241578,
      "max": 0.7003008780000001,
      "times": [
        0.6895091780000001,
        0.646241578,
        0.7003008780000001,
        0.6567447780000001,
        0.6844720780000001,
        0.6730010780000001,
        0.690373478,
        0.649073478,
        0.685312078,
        0.667078578
      ],
      "exit_codes": [
        0,
        0,
        0,
        0,
        0,
        0,
        0,
        0,
        0,
        0
      ],
      "parameters": {
        "n_threads": "4"
      }
    },
    {
      "command": "java ../Java/BakerySimples.java 8",
      "mean": 0.7307258080000002,
      "stddev": 0.09240533937550542,
      "median": 0.6875500280000001,
      "user": 0.36,
      "system": 0.031875,
      "min": 0.6413392780000001,
      "max": 0.9216242780000001,
      "times": [
        0.6937349780000001,
        0.679286978,
        0.6911400780000001,
        0.6413392780000001,
        0.6839599780000001,
        0.6829596780000001,
        0.9216242780000001,
        0.8480764780000001,
        0.6670371780000001,
        0.7980991780000001
      ],
      "exit_codes": [
        0,
        0,
        0,
        0,
        0,
        0,
        0,
        0,
        0,
        0
      ],
      "parameters": {
        "n_threads": "8"
      }
    },
    {
      "command": "java ../Java/BakerySimples.java 16",
      "mean": 0.6940887480000001,
      "stddev": 0.02936012182649756,
      "median": 0.6941885780000001,
      "user": 0.29281250000000003,
      "system": 0.025625000000000002,
      "min": 0.648772878,
      "max": 0.731907178,
      "times": [
        0.731907178,
        0.7264832780000001,
        0.723682778,
        0.7051527780000001,
        0.7036758780000001,
        0.648772878,
        0.682564378,
        0.684701278,
        0.681863878,
        0.652083178
      ],
      "exit_codes": [
        0,
        0,
        0,
        0,
        0,
        0,
        0,
        0,
        0,
        0
      ],
      "parameters": {
        "n_threads": "16"
      }
    },
    {
      "command": "java ../Java/BakerySimples.java 32",
      "mean": 0.7172503280000001,
      "stddev": 0.04752247472288477,
      "median": 0.6953764280000001,
      "user": 0.344375,
      "system": 0.03499999999999999,
      "min": 0.6628966780000001,
      "max": 0.799634978,
      "times": [
        0.687977378,
        0.6628966780000001,
        0.6861719780000001,
        0.6962455780000001,
        0.781084678,
        0.7651637780000001,
        0.799634978,
        0.6945072780000001,
        0.7193561780000001,
        0.679464778
      ],
      "exit_codes": [
        0,
        0,
        0,
        0,
        0,
        0,
        0,
        0,
        0,
        0
      ],
      "parameters": {
        "n_threads": "32"
      }
    },
    {
      "command": "java ../Java/BakerySimples.java 64",
      "mean": 0.685449518,
      "stddev": 0.015781939663439482,
      "median": 0.6851513280000001,
      "user": 0.244375,
      "system": 0.033437499999999995,
      "min": 0.664880478,
      "max": 0.7110584780000001,
      "times": [
        0.6979785780000001,
        0.6664251780000001,
        0.6825520780000001,
        0.696195078,
        0.6993016780000001,
        0.6683190780000001,
        0.6800339780000001,
        0.6877505780000001,
        0.7110584780000001,
        0.664880478
      ],
      "exit_codes": [
        0,
        0,
        0,
        0,
        0,
        0,
        0,
        0,
        0,
        0
      ],
      "parameters": {
        "n_threads": "64"
      }
    },
    {
      "command": "java ../Java/BakerySimples.java 128",
      "mean": 0.704858108,
      "stddev": 0.02670483704046683,
      "median": 0.703393428,
      "user": 0.3975,
      "system": 0.07406250000000002,
      "min": 0.6543167780000001,
      "max": 0.746334578,
      "times": [
        0.7402105780000001,
        0.7047935780000001,
        0.7019932780000001,
        0.7199479780000001,
        0.684612278,
        0.6543167780000001,
        0.7066777780000001,
        0.699551078,
        0.746334578,
        0.690143178
      ],
      "exit_codes": [
        0,
        0,
        0,
        0,
        0,
        0,
        0,
        0,
        0,
        0
      ],
      "parameters": {
        "n_threads": "128"
      }
    },
    {
      "command": "java ../Java/BakerySimples.java 256",
      "mean": 0.7360442380000001,
      "stddev": 0.025053188339530772,
      "median": 0.7333647280000001,
      "user": 0.456875,
      "system": 0.09750000000000002,
      "min": 0.7071154780000001,
      "max": 0.7826784780000001,
      "times": [
        0.7434616780000001,
        0.7071154780000001,
        0.7605594780000001,
        0.7232677780000001,
        0.753904478,
        0.7083548780000001,
        0.7203945780000001,
        0.715814978,
        0.744890578,
        0.7826784780000001
      ],
      "exit_codes": [
        0,
        0,
        0,
        0,
        0,
        0,
        0,
        0,
        0,
        0
      ],
      "parameters": {
        "n_threads": "256"
      }
    },
    {
      "command": "java ../Java/BakerySimples.java 512",
      "mean": 0.8039463580000001,
      "stddev": 0.021754076796662986,
      "median": 0.8053519280000001,
      "user": 0.48343749999999996,
      "system": 0.21156249999999996,
      "min": 0.7651557780000001,
      "max": 0.8310850780000001,
      "times": [
        0.8257659780000001,
        0.8310850780000001,
        0.8172535780000001,
        0.8219244780000001,
        0.7953315780000001,
        0.796546178,
        0.7651557780000001,
        0.8127882780000001,
        0.7979155780000001,
        0.7756970780000001
      ],
      "exit_codes": [
        0,
        0,
        0,
        0,
        0,
        0,
        0,
        0,
        0,
        0
      ],
      "parameters": {
        "n_threads": "512"
      }
    },
    {
      "command": "java ../Java/BakerySimples.java 1024",
      "mean": 1.094666898,
      "stddev": 0.12004998851891101,
      "median": 1.056969578,
      "user": 0.850625,
      "system": 0.6318750000000001,
      "min": 0.989790178,
      "max": 1.355888078,
      "times": [
        0.9911985780000001,
        1.021710778,
        1.355888078,
        1.1135642780000001,
        1.019831178,
        1.2390137780000001,
        0.989790178,
        1.114037578,
        1.009406178,
        1.092228378
      ],
      "exit_codes": [
        0,
        0,
        0,
        0,
        0,
        0,
        0,
        0,
        0,
        0
      ],
      "parameters": {
        "n_threads": "1024"
      }
    }
  ]
}
