{
  "results": [
    {
      "command": "java ../Java/Tas.java 2",
      "mean": 0.462935508,
      "stddev": 0.01526665876546012,
      "median": 0.466656418,
      "user": 1.0999999999999999,
      "system": 0.1034375,
      "min": 0.424683118,
      "max": 0.47488331800000005,
      "times": [
        0.46129821800000004,
        0.473816718,
        0.45759921800000003,
        0.47488331800000005,
        0.458548818,
        0.424683118,
        0.459319018,
        0.47345521800000007,
        0.47201461800000005,
        0.47373681800000006
      ],
      "exit_codes": [
        0,
        0,
        0,
        0,
        0,
        0,
        0,
        0,
        0,
        0
      ],
      "parameters": {
        "n_threads": "2"
      }
    },
    {
      "command": "java ../Java/Tas.java 4",
      "mean": 0.46036222800000004,
      "stddev": 0.014391442334206044,
      "median": 0.458494768,
      "user": 1.1328124999999998,
      "system": 0.11906249999999999,
      "min": 0.42490181800000004,
      "max": 0.47381591800000006,
      "times": [
        0.47006641800000004,
        0.47328311800000006,
        0.458247618,
        0.45649061800000007,
        0.45810831800000007,
        0.47186021800000005,
        0.42490181800000004,
        0.45810631800000007,
        0.47381591800000006,
        0.458741918
      ],
      "exit_codes": [
        0,
        0,
        0,
        0,
        0,
        0,
        0,
        0,
        0,
        0
      ],
      "parameters": {
        "n_threads": "4"
      }
    },
    {
      "command": "java ../Java/Tas.java 8",
      "mean": 0.46394451800000003,
      "stddev": 0.010796010095709739,
      "median": 0.46551891800000006,
      "user": 1.0640625,
      "system": 0.10500000000000001,
      "min": 0.44165951800000003,
      "max": 0.474365018,
      "times": [
        0.47177001800000007,
        0.44165951800000003,
        0.474365018,
        0.4581162180000001,
        0.45743211800000005,
        0.45745351800000006,
        0.45984191800000007,
        0.47119591800000005,
        0.47354691800000004,
        0.47406401800000003
      ],
      "exit_codes": [
        0,
        0,
        0,
        0,
        0,
        0,
        0,
        0,
        0,
        0
      ],
      "parameters": {
        "n_threads": "8"
      }
    },
    {
      "command": "java ../Java/Tas.java 16",
      "mean": 0.46909539800000005,
      "stddev": 0.009864448265677212,
      "median": 0.471349318,
      "user": 1.0390624999999998,
      "system": 0.1065625,
      "min": 0.45587761800000004,
      "max": 0.48852731800000004,
      "times": [
        0.469965518,
        0.47215401800000006,
        0.47388151800000006,
        0.47272231800000003,
        0.47210761800000006,
        0.45587761800000004,
        0.45760941800000005,
        0.45751761800000007,
        0.470591018,
        0.48852731800000004
      ],
      "exit_codes": [
        0,
        0,
        0,
        0,
        0,
        0,
        0,
        0,
        0,
        0
      ],
      "parameters": {
        "n_threads": "16"
      }
    },
    {
      "command": "java ../Java/Tas.java 32",
      "mean": 0.462625758,
      "stddev": 0.007776139510379739,
      "median": 0.45872236800000005,
      "user": 1.0171875,
      "system": 0.11749999999999998,
      "min": 0.45647391800000003,
      "max": 0.475162218,
      "times": [
        0.4721564180000001,
        0.45851861800000004,
        0.47397921800000004,
        0.45909391800000005,
        0.475162218,
        0.45651701800000005,
        0.45892611800000005,
        0.45704561800000004,
        0.45647391800000003,
        0.4583845180000001
      ],
      "exit_codes": [
        0,
        0,
        0,
        0,
        0,
        0,
        0,
        0,
        0,
        0
      ],
      "parameters": {
        "n_threads": "32"
      }
    },
    {
      "command": "java ../Java/Tas.java 64",
      "mean": 0.4725640080000001,
      "stddev": 0.011081426638344011,
      "median": 0.47291451800000006,
      "user": 1.0593749999999997,
      "system": 0.11281250000000001,
      "min": 0.45456861800000004,
      "max": 0.4909163180000001,
      "times": [
        0.48642761800000006,
        0.4909163180000001,
        0.45675561800000003,
        0.47324001800000004,
        0.47325031800000006,
        0.4736138180000001,
        0.45456861800000004,
        0.47228861800000005,
        0.47199011800000007,
        0.472589018
      ],
      "exit_codes": [
        0,
        0,
        0,
        0,
        0,
        0,
        0,
        0,
        0,
        0
      ],
      "parameters": {
        "n_threads": "64"
      }
    },
    {
      "command": "java ../Java/Tas.java 128",
      "mean": 0.47705693800000004,
      "stddev": 0.007421711231066147,
      "median": 0.47429216800000007,
      "user": 1.0937499999999998,
      "system": 0.13781249999999998,
      "min": 0.46893301800000003,
      "max": 0.48762921800000003,
      "times": [
        0.4872911180000001,
        0.48762921800000003,
        0.46893301800000003,
        0.48750301800000007,
        0.47371301800000004,
        0.47422031800000003,
        0.47477151800000006,
        0.47045341800000007,
        0.47169071800000006,
        0.47436401800000005
      ],
      "exit_codes": [
        0,
        0,
        0,
        0,
        0,
        0,
        0,
        0,
        0,
        0
      ],
      "parameters": {
        "n_threads": "128"
      }
    },
    {
      "command": "java ../Java/Tas.java 256",
      "mean": 0.47843450800000015,
      "stddev": 0.013256778668410458,
      "median": 0.481458268,
      "user": 1.1359374999999998,
      "system": 0.18468749999999998,
      "min": 0.455917718,
      "max": 0.4904686180000001,
      "times": [
        0.48892591800000007,
        0.48928481800000007,
        0.48990961800000005,
        0.47358771800000005,
        0.4737413180000001,
        0.455917718,
        0.48959311800000005,
        0.47399061800000003,
        0.45892561800000004,
        0.4904686180000001
      ],
      "exit_codes": [
        0,
        0,
        0,
        0,
        0,
        0,
        0,
        0,
        0,
        0
      ],
      "parameters": {
        "n_threads": "256"
      }
    },
    {
      "command": "java ../Java/Tas.java 512",
      "mean": 0.496989988,
      "stddev": 0.011246829535676062,
      "median": 0.503432718,
      "user": 1.1531249999999997,
      "system": 0.1971875,
      "min": 0.4721004180000001,
      "max": 0.507236918,
      "times": [
        0.504820518,
        0.48926831800000004,
        0.5051442180000001,
        0.48911061800000005,
        0.504016718,
        0.49133671800000006,
        0.503258018,
        0.4721004180000001,
        0.507236918,
        0.5036074180000001
      ],
      "exit_codes": [
        0,
        0,
        0,
        0,
        0,
        0,
        0,
        0,
        0,
        0
      ],
      "parameters": {
        "n_threads": "512"
      }
    },
    {
      "command": "java ../Java/Tas.java 1024",
      "mean": 0.516050788,
      "stddev": 0.013335539911167206,
      "median": 0.5121206680000001,
      "user": 1.2499999999999998,
      "system": 0.32999999999999996,
      "min": 0.503783918,
      "max": 0.537830918,
      "times": [
        0.5180293180000001,
        0.537830918,
        0.503783918,
        0.5376777180000001,
        0.520815118,
        0.5054247180000001,
        0.506212018,
        0.5042128180000001,
        0.5208738180000001,
        0.5056475180000001
      ],
      "exit_codes": [
        0,
        0,
        0,
        0,
        0,
        0,
        0,
        0,
        0,
        0
      ],
      "parameters": {
        "n_threads": "1024"
      }
    }
  ]
}
