{
  "results": [
    {
      "command": "java ../Java/BakeryAtomic.java 2",
      "mean": 0.48373093800000005,
      "stddev": 0.02386575603854236,
      "median": 0.47459110800000004,
      "user": 1.114375,
      "system": 0.10437500000000002,
      "min": 0.44170370800000003,
      "max": 0.521473308,
      "times": [
        0.514006208,
        0.488342908,
        0.47291140800000003,
        0.47533230800000004,
        0.47134710800000007,
        0.521473308,
        0.5049786079999999,
        0.44170370800000003,
        0.47384990800000004,
        0.47336390800000006
      ],
      "exit_codes": [
        0,
        0,
        0,
        0,
        0,
        0,
        0,
        0,
        0,
        0
      ],
      "parameters": {
        "n_threads": "2"
      }
    },
    {
      "command": "java ../Java/BakeryAtomic.java 4",
      "mean": 0.485709428,
      "stddev": 0.01368362814134711,
      "median": 0.48871600800000004,
      "user": 1.1565625,
      "system": 0.11687500000000002,
      "min": 0.45841410800000004,
      "max": 0.505099108,
      "times": [
        0.501047808,
        0.48856220800000005,
        0.48985370800000005,
        0.48876710800000006,
        0.48873910800000003,
        0.505099108,
        0.48869290800000004,
        0.47383250800000004,
        0.45841410800000004,
        0.47408570800000005
      ],
      "exit_codes": [
        0,
        0,
        0,
        0,
        0,
        0,
        0,
        0,
        0,
        0
      ],
      "parameters": {
        "n_threads": "4"
      }
    },
    {
      "command": "java ../Java/BakeryAtomic.java 8",
      "mean": 0.47013198800000006,
      "stddev": 0.015327186988760998,
      "median": 0.473204658,
      "user": 1.1159374999999998,
      "system": 0.11375000000000002,
      "min": 0.44039950800000005,
      "max": 0.49081350800000006,
      "times": [
        0.47127690800000005,
        0.47411590800000003,
        0.45618670800000005,
        0.474291208,
        0.49081350800000006,
        0.47232260800000003,
        0.44039950800000005,
        0.474086708,
        0.49010860800000006,
        0.45771820800000007
      ],
      "exit_codes": [
        0,
        0,
        0,
        0,
        0,
        0,
        0,
        0,
        0,
        0
      ],
      "parameters": {
        "n_threads": "8"
      }
    },
    {
      "command": "java ../Java/BakeryAtomic.java 16",
      "mean": 0.4838493980000001,
      "stddev": 0.012328318669222038,
      "median": 0.48822845800000003,
      "user": 1.0940625,
      "system": 0.12,
      "min": 0.45799770800000006,
      "max": 0.500180308,
      "times": [
        0.500180308,
        0.490242408,
        0.45799770800000006,
        0.487881708,
        0.48684150800000003,
        0.48857520800000004,
        0.49045750800000004,
        0.472503608,
        0.49097680800000004,
        0.47283720800000006
      ],
      "exit_codes": [
        0,
        0,
        0,
        0,
        0,
        0,
        0,
        0,
        0,
        0
      ],
      "parameters": {
        "n_threads": "16"
      }
    },
    {
      "command": "java ../Java/BakeryAtomic.java 32",
      "mean": 0.47785997800000013,
      "stddev": 0.010726217419746189,
      "median": 0.47423620800000005,
      "user": 1.1081249999999998,
      "system": 0.1590625,
      "min": 0.45679700800000006,
      "max": 0.49000750800000004,
      "times": [
        0.48810060800000005,
        0.47209980800000007,
        0.48909060800000004,
        0.45679700800000006,
        0.47472220800000003,
        0.49000750800000004,
        0.473061708,
        0.47375020800000006,
        0.48811840800000006,
        0.47285170800000004
      ],
      "exit_codes": [
        0,
        0,
        0,
        0,
        0,
        0,
        0,
        0,
        0,
        0
      ],
      "parameters": {
        "n_threads": "32"
      }
    },
    {
      "command": "java ../Java/BakeryAtomic.java 64",
      "mean": 0.485640368,
      "stddev": 0.0068382191809791435,
      "median": 0.48874360800000005,
      "user": 1.1862499999999998,
      "system": 0.10124999999999999,
      "min": 0.47169520800000003,
      "max": 0.48972250800000006,
      "times": [
        0.48945430800000006,
        0.48851640800000007,
        0.487507208,
        0.489244408,
        0.48972250800000006,
        0.48797130800000005,
        0.48897080800000003,
        0.47384320800000007,
        0.47169520800000003,
        0.48947830800000003
      ],
      "exit_codes": [
        0,
        0,
        0,
        0,
        0,
        0,
        0,
        0,
        0,
        0
      ],
      "parameters": {
        "n_threads": "64"
      }
    },
    {
      "command": "java ../Java/BakeryAtomic.java 128",
      "mean": 0.495643598,
      "stddev": 0.011390583627565147,
      "median": 0.48975920800000006,
      "user": 1.2253124999999998,
      "system": 0.19656249999999997,
      "min": 0.48671300800000006,
      "max": 0.521376708,
      "times": [
        0.48671300800000006,
        0.503756308,
        0.507198808,
        0.48951730800000004,
        0.490001108,
        0.521376708,
        0.48884380800000005,
        0.48881170800000007,
        0.491306108,
        0.48891110800000004
      ],
      "exit_codes": [
        0,
        0,
        0,
        0,
        0,
        0,
        0,
        0,
        0,
        0
      ],
      "parameters": {
        "n_threads": "128"
      }
    },
    {
      "command": "java ../Java/BakeryAtomic.java 256",
      "mean": 0.534276188,
      "stddev": 0.014800329666583617,
      "median": 0.529445758,
      "user": 1.8362500000000002,
      "system": 0.329375,
      "min": 0.520706208,
      "max": 0.5545332079999999,
      "times": [
        0.537617908,
        0.536781908,
        0.522109608,
        0.553127308,
        0.521983308,
        0.5545332079999999,
        0.553398208,
        0.521027808,
        0.521476408,
        0.520706208
      ],
      "exit_codes": [
        0,
        0,
        0,
        0,
        0,
        0,
        0,
        0,
        0,
        0
      ],
      "parameters": {
        "n_threads": "256"
      }
    },
    {
      "command": "java ../Java/BakeryAtomic.java 512",
      "mean": 0.703485898,
      "stddev": 0.05514437396816651,
      "median": 0.719477608,
      "user": 3.3659375000000002,
      "system": 1.17625,
      "min": 0.586305708,
      "max": 0.760591908,
      "times": [
        0.727610708,
        0.696076908,
        0.746245208,
        0.711344508,
        0.745883108,
        0.760591908,
        0.667149408,
        0.648647808,
        0.745003708,
        0.586305708
      ],
      "exit_codes": [
        0,
        0,
        0,
        0,
        0,
        0,
        0,
        0,
        0,
        0
      ],
      "parameters": {
        "n_threads": "512"
      }
    },
    {
      "command": "java ../Java/BakeryAtomic.java 1024",
      "mean": 0.659198138,
      "stddev": 0.0681618403063221,
      "median": 0.641596708,
      "user": 2.4534375,
      "system": 1.316875,
      "min": 0.584687008,
      "max": 0.778409908,
      "times": [
        0.618091708,
        0.615378208,
        0.652461408,
        0.776728808,
        0.650352608,
        0.632840808,
        0.601616208,
        0.681414708,
        0.778409908,
        0.584687008
      ],
      "exit_codes": [
        0,
        0,
        0,
        0,
        0,
        0,
        0,
        0,
        0,
        0
      ],
      "parameters": {
        "n_threads": "1024"
      }
    }
  ]
}
