{
  "results": [
    {
      "command": "java ../Java/BakerySimples.java 2",
      "mean": 0.41191008599999995,
      "stddev": 0.009178030249968312,
      "median": 0.41048624600000005,
      "user": 0.8718749999999998,
      "system": 0.09250000000000001,
      "min": 0.394396246,
      "max": 0.427717346,
      "times": [
        0.42527104600000004,
        0.410645046,
        0.427717346,
        0.394396246,
        0.408654246,
        0.410231646,
        0.410473546,
        0.410089346,
        0.411123446,
        0.41049894600000003
      ],
      "exit_codes": [
        0,
        0,
        0,
        0,
        0,
        0,
        0,
        0,
        0,
        0
      ],
      "parameters": {
        "n_threads": "2"
      }
    },
    {
      "command": "java ../Java/BakerySimples.java 4",
      "mean": 0.41429139600000003,
      "stddev": 0.00625109404526741,
      "median": 0.410852396,
      "user": 0.8515624999999998,
      "system": 0.11125,
      "min": 0.40952804600000003,
      "max": 0.426469246,
      "times": [
        0.420756446,
        0.422022946,
        0.410612646,
        0.41010714600000003,
        0.426469246,
        0.41076144600000003,
        0.41149354600000004,
        0.40952804600000003,
        0.41094334600000004,
        0.41021914600000003
      ],
      "exit_codes": [
        0,
        0,
        0,
        0,
        0,
        0,
        0,
        0,
        0,
        0
      ],
      "parameters": {
        "n_threads": "4"
      }
    },
    {
      "command": "java ../Java/BakerySimples.java 8",
      "mean": 0.44345564600000004,
      "stddev": 0.00668329132738253,
      "median": 0.440592346,
      "user": 0.8640624999999998,
      "system": 0.1034375,
      "min": 0.43754454600000003,
      "max": 0.456004146,
      "times": [
        0.456004146,
        0.44194584600000003,
        0.44082624600000003,
        0.439514946,
        0.441953146,
        0.440348746,
        0.455824846,
        0.43754454600000003,
        0.440358446,
        0.44023554600000003
      ],
      "exit_codes": [
        0,
        0,
        0,
        0,
        0,
        0,
        0,
        0,
        0,
        0
      ],
      "parameters": {
        "n_threads": "8"
      }
    },
    {
      "command": "java ../Java/BakerySimples.java 16",
      "mean": 0.4425404060000001,
      "stddev": 0.0053434256507309,
      "median": 0.44106769600000006,
      "user": 0.8937499999999998,
      "system": 0.09875000000000002,
      "min": 0.43947334600000004,
      "max": 0.45728194600000005,
      "times": [
        0.43988464600000005,
        0.441073046,
        0.44106234600000005,
        0.439875546,
        0.443572446,
        0.43947334600000004,
        0.43960854600000004,
        0.45728194600000005,
        0.441093746,
        0.442478446
      ],
      "exit_codes": [
        0,
        0,
        0,
        0,
        0,
        0,
        0,
        0,
        0,
        0
      ],
      "parameters": {
        "n_threads": "16"
      }
    },
    {
      "command": "java ../Java/BakerySimples.java 32",
      "mean": 0.43988704600000006,
      "stddev": 0.0050540716993551105,
      "median": 0.441040046,
      "user": 0.8765624999999998,
      "system": 0.1065625,
      "min": 0.425893246,
      "max": 0.443582046,
      "times": [
        0.441588346,
        0.443582046,
        0.440658046,
        0.441422046,
        0.440498946,
        0.43965314600000005,
        0.440574046,
        0.425893246,
        0.442433346,
        0.442567246
      ],
      "exit_codes": [
        0,
        0,
        0,
        0,
        0,
        0,
        0,
        0,
        0,
        0
      ],
      "parameters": {
        "n_threads": "32"
      }
    },
    {
      "command": "java ../Java/BakerySimples.java 64",
      "mean": 0.44564248599999995,
      "stddev": 0.008379876278084305,
      "median": 0.44238499600000003,
      "user": 0.8968749999999999,
      "system": 0.09875000000000002,
      "min": 0.435310346,
      "max": 0.45875074600000004,
      "times": [
        0.435310346,
        0.440516346,
        0.442512346,
        0.44227064600000005,
        0.457819246,
        0.440814146,
        0.440425446,
        0.442499346,
        0.45875074600000004,
        0.455506246
      ],
      "exit_codes": [
        0,
        0,
        0,
        0,
        0,
        0,
        0,
        0,
        0,
        0
      ],
      "parameters": {
        "n_threads": "64"
      }
    },
    {
      "command": "java ../Java/BakerySimples.java 128",
      "mean": 0.45078622599999996,
      "stddev": 0.010764127160031757,
      "median": 0.449630746,
      "user": 0.8874999999999998,
      "system": 0.145625,
      "min": 0.439976646,
      "max": 0.47221164600000004,
      "times": [
        0.47221164600000004,
        0.44295794600000005,
        0.442244946,
        0.45729724600000005,
        0.439976646,
        0.457776546,
        0.456303546,
        0.45641454600000003,
        0.44197694600000004,
        0.440702246
      ],
      "exit_codes": [
        0,
        0,
        0,
        0,
        0,
        0,
        0,
        0,
        0,
        0
      ],
      "parameters": {
        "n_threads": "128"
      }
    },
    {
      "command": "java ../Java/BakerySimples.java 256",
      "mean": 0.45917280600000004,
      "stddev": 0.009651498786912736,
      "median": 0.458205246,
      "user": 0.9453124999999998,
      "system": 0.1721875,
      "min": 0.439653446,
      "max": 0.47480814600000004,
      "times": [
        0.45739564600000004,
        0.45864264600000004,
        0.47304984600000005,
        0.45654834600000005,
        0.439653446,
        0.458494446,
        0.47480814600000004,
        0.457916046,
        0.456371146,
        0.458848346
      ],
      "exit_codes": [
        0,
        0,
        0,
        0,
        0,
        0,
        0,
        0,
        0,
        0
      ],
      "parameters": {
        "n_threads": "256"
      }
    },
    {
      "command": "java ../Java/BakerySimples.java 512",
      "mean": 0.4770935260000001,
      "stddev": 0.006398457301707791,
      "median": 0.47486399600000007,
      "user": 0.9828124999999999,
      "system": 0.20187500000000003,
      "min": 0.47125264600000005,
      "max": 0.48959114600000003,
      "times": [
        0.47125264600000005,
        0.47486634600000005,
        0.47205494600000003,
        0.47464964600000004,
        0.475177846,
        0.474861646,
        0.48814704600000003,
        0.47650514600000005,
        0.48959114600000003,
        0.473828846
      ],
      "exit_codes": [
        0,
        0,
        0,
        0,
        0,
        0,
        0,
        0,
        0,
        0
      ],
      "parameters": {
        "n_threads": "512"
      }
    },
    {
      "command": "java ../Java/BakerySimples.java 1024",
      "mean": 0.511285706,
      "stddev": 0.011545999835941258,
      "median": 0.5062594460000001,
      "user": 1.0828124999999997,
      "system": 0.28468750000000004,
      "min": 0.5007702460000001,
      "max": 0.5384423460000001,
      "times": [
        0.5039446460000001,
        0.5049428460000001,
        0.5067249460000001,
        0.5197206460000001,
        0.5007702460000001,
        0.5384423460000001,
        0.5203019460000001,
        0.5059001460000001,
        0.5054905460000001,
        0.5066187460000001
      ],
      "exit_codes": [
        0,
        0,
        0,
        0,
        0,
        0,
        0,
        0,
        0,
        0
      ],
      "parameters": {
        "n_threads": "1024"
      }
    }
  ]
}
