{
  "results": [
    {
      "command": "java ../Java/Ttas.java 2",
      "mean": 0.471298206,
      "stddev": 0.00512108939087508,
      "median": 0.472348266,
      "user": 1.049375,
      "system": 0.130625,
      "min": 0.45865796600000003,
      "max": 0.479356066,
      "times": [
        0.479356066,
        0.472985966,
        0.471443066,
        0.470564066,
        0.46992596600000003,
        0.472361566,
        0.472799266,
        0.472553166,
        0.45865796600000003,
        0.472334966
      ],
      "exit_codes": [
        0,
        0,
        0,
        0,
        0,
        0,
        0,
        0,
        0,
        0
      ],
      "parameters": {
        "n_threads": "2"
      }
    },
    {
      "command": "java ../Java/Ttas.java 4",
      "mean": 0.465346786,
      "stddev": 0.007812908605463987,
      "median": 0.46518441600000004,
      "user": 1.0134375,
      "system": 0.1103125,
      "min": 0.45742056600000003,
      "max": 0.473761166,
      "times": [
        0.472572566,
        0.45883366600000003,
        0.472057366,
        0.473691366,
        0.457495366,
        0.45742056600000003,
        0.473761166,
        0.457922266,
        0.458178366,
        0.471535166
      ],
      "exit_codes": [
        0,
        0,
        0,
        0,
        0,
        0,
        0,
        0,
        0,
        0
      ],
      "parameters": {
        "n_threads": "4"
      }
    },
    {
      "command": "java ../Java/Ttas.java 8",
      "mean": 0.469704476,
      "stddev": 0.009083463062125586,
      "median": 0.47001706600000004,
      "user": 1.09,
      "system": 0.12125,
      "min": 0.456507766,
      "max": 0.488838866,
      "times": [
        0.488838866,
        0.468352466,
        0.456985866,
        0.469316766,
        0.472460766,
        0.456507766,
        0.470717366,
        0.467458066,
        0.472750766,
        0.473656066
      ],
      "exit_codes": [
        0,
        0,
        0,
        0,
        0,
        0,
        0,
        0,
        0,
        0
      ],
      "parameters": {
        "n_threads": "8"
      }
    },
    {
      "command": "java ../Java/Ttas.java 16",
      "mean": 0.46978444599999997,
      "stddev": 0.012712984789558884,
      "median": 0.472603066,
      "user": 1.0446875,
      "system": 0.1384375,
      "min": 0.440374566,
      "max": 0.487577266,
      "times": [
        0.487577266,
        0.472827966,
        0.456511666,
        0.472249266,
        0.474340666,
        0.472356166,
        0.472378166,
        0.473984766,
        0.475243966,
        0.440374566
      ],
      "exit_codes": [
        0,
        0,
        0,
        0,
        0,
        0,
        0,
        0,
        0,
        0
      ],
      "parameters": {
        "n_threads": "16"
      }
    },
    {
      "command": "java ../Java/Ttas.java 32",
      "mean": 0.471691116,
      "stddev": 0.005325803936444184,
      "median": 0.472986116,
      "user": 1.1009375000000001,
      "system": 0.1103125,
      "min": 0.456875966,
      "max": 0.474768566,
      "times": [
        0.472173766,
        0.474768566,
        0.474151366,
        0.471628566,
        0.472478866,
        0.472386066,
        0.474202366,
        0.473493366,
        0.474752266,
        0.456875966
      ],
      "exit_codes": [
        0,
        0,
        0,
        0,
        0,
        0,
        0,
        0,
        0,
        0
      ],
      "parameters": {
        "n_threads": "32"
      }
    },
    {
      "command": "java ../Java/Ttas.java 64",
      "mean": 0.4699303960000001,
      "stddev": 0.006996005001435544,
      "median": 0.473309066,
      "user": 1.068125,
      "system": 0.1384375,
      "min": 0.456518266,
      "max": 0.474723866,
      "times": [
        0.470179266,
        0.473885066,
        0.473714066,
        0.474584266,
        0.457324366,
        0.472904066,
        0.456518266,
        0.474723866,
        0.471624566,
        0.473846166
      ],
      "exit_codes": [
        0,
        0,
        0,
        0,
        0,
        0,
        0,
        0,
        0,
        0
      ],
      "parameters": {
        "n_threads": "64"
      }
    },
    {
      "command": "java ../Java/Ttas.java 128",
      "mean": 0.48042494599999996,
      "stddev": 0.00781414886497564,
      "median": 0.481283866,
      "user": 1.118125,
      "system": 0.12437499999999999,
      "min": 0.471534266,
      "max": 0.488837766,
      "times": [
        0.487331866,
        0.488324066,
        0.488837766,
        0.487185866,
        0.473289966,
        0.472785466,
        0.487142666,
        0.471534266,
        0.475425066,
        0.472392466
      ],
      "exit_codes": [
        0,
        0,
        0,
        0,
        0,
        0,
        0,
        0,
        0,
        0
      ],
      "parameters": {
        "n_threads": "128"
      }
    },
    {
      "command": "java ../Java/Ttas.java 256",
      "mean": 0.477909336,
      "stddev": 0.01640470532432354,
      "median": 0.480943816,
      "user": 1.1696875,
      "system": 0.1509375,
      "min": 0.456081066,
      "max": 0.503736866,
      "times": [
        0.488906866,
        0.489627666,
        0.503736866,
        0.459054066,
        0.457507066,
        0.473959666,
        0.487927966,
        0.473678466,
        0.488613666,
        0.456081066
      ],
      "exit_codes": [
        0,
        0,
        0,
        0,
        0,
        0,
        0,
        0,
        0,
        0
      ],
      "parameters": {
        "n_threads": "256"
      }
    },
    {
      "command": "java ../Java/Ttas.java 512",
      "mean": 0.5049338860000001,
      "stddev": 0.001012551530430821,
      "median": 0.5047484160000001,
      "user": 1.199375,
      "system": 0.20406249999999998,
      "min": 0.5035340660000001,
      "max": 0.5063344660000001,
      "times": [
        0.505349366,
        0.5035340660000001,
        0.5059507660000001,
        0.504228266,
        0.5037603660000001,
        0.5063344660000001,
        0.5048626660000001,
        0.5043947660000001,
        0.5046341660000001,
        0.5062899660000001
      ],
      "exit_codes": [
        0,
        0,
        0,
        0,
        0,
        0,
        0,
        0,
        0,
        0
      ],
      "parameters": {
        "n_threads": "512"
      }
    },
    {
      "command": "java ../Java/Ttas.java 1024",
      "mean": 0.5200199560000001,
      "stddev": 0.015076249328843197,
      "median": 0.5205532160000002,
      "user": 1.1790625000000001,
      "system": 0.25562500000000005,
      "min": 0.488330266,
      "max": 0.5372942660000001,
      "times": [
        0.5207980660000001,
        0.488330266,
        0.5347909660000001,
        0.5177105660000001,
        0.5372942660000001,
        0.5221545660000001,
        0.5203083660000001,
        0.5352963660000001,
        0.5032623660000001,
        0.5202537660000001
      ],
      "exit_codes": [
        0,
        0,
        0,
        0,
        0,
        0,
        0,
        0,
        0,
        0
      ],
      "parameters": {
        "n_threads": "1024"
      }
    }
  ]
}
