{
  "results": [
    {
      "command": "java ../Java/Tas.java 2",
      "mean": 0.4298223120000001,
      "stddev": 0.016100116095664935,
      "median": 0.42682991200000003,
      "user": 0.9468749999999998,
      "system": 0.095625,
      "min": 0.410705462,
      "max": 0.45834926200000004,
      "times": [
        0.412336862,
        0.425614462,
        0.41101726200000005,
        0.426818762,
        0.44177576200000007,
        0.44277876200000005,
        0.42684106200000005,
        0.410705462,
        0.44198546200000005,
        0.45834926200000004
      ],
      "exit_codes": [
        0,
        0,
        0,
        0,
        0,
        0,
        0,
        0,
        0,
        0
      ],
      "parameters": {
        "n_threads": "2"
      }
    },
    {
      "command": "java ../Java/Tas.java 4",
      "mean": 0.43233076200000004,
      "stddev": 0.01598220949966278,
      "median": 0.42597091200000003,
      "user": 0.9593749999999999,
      "system": 0.10500000000000001,
      "min": 0.41004026200000004,
      "max": 0.45923046200000006,
      "times": [
        0.42451746200000007,
        0.42502446200000005,
        0.42836446200000006,
        0.42369016200000004,
        0.42482056200000007,
        0.426917362,
        0.41004026200000004,
        0.45923046200000006,
        0.44203206200000006,
        0.45867036200000005
      ],
      "exit_codes": [
        0,
        0,
        0,
        0,
        0,
        0,
        0,
        0,
        0,
        0
      ],
      "parameters": {
        "n_threads": "4"
      }
    },
    {
      "command": "java ../Java/Tas.java 8",
      "mean": 0.427492702,
      "stddev": 0.011739184720622162,
      "median": 0.42578116200000005,
      "user": 0.9734374999999998,
      "system": 0.09875,
      "min": 0.41128116200000003,
      "max": 0.45821396200000003,
      "times": [
        0.42416126200000004,
        0.42559066200000006,
        0.45821396200000003,
        0.424622062,
        0.41128116200000003,
        0.42499216200000006,
        0.42630986200000004,
        0.42678566200000007,
        0.42597166200000003,
        0.426998562
      ],
      "exit_codes": [
        0,
        0,
        0,
        0,
        0,
        0,
        0,
        0,
        0,
        0
      ],
      "parameters": {
        "n_threads": "8"
      }
    },
    {
      "command": "java ../Java/Tas.java 16",
      "mean": 0.432224232,
      "stddev": 0.010991694940479173,
      "median": 0.42683736200000005,
      "user": 0.9890624999999998,
      "system": 0.12999999999999998,
      "min": 0.42373046200000003,
      "max": 0.45752876200000003,
      "times": [
        0.42373046200000003,
        0.42723116200000005,
        0.42677396200000006,
        0.425927162,
        0.42690076200000004,
        0.441125562,
        0.45752876200000003,
        0.42512326200000006,
        0.44158756200000004,
        0.42631366200000004
      ],
      "exit_codes": [
        0,
        0,
        0,
        0,
        0,
        0,
        0,
        0,
        0,
        0
      ],
      "parameters": {
        "n_threads": "16"
      }
    },
    {
      "command": "java ../Java/Tas.java 32",
      "mean": 0.43426084200000004,
      "stddev": 0.013000319534688361,
      "median": 0.42708111200000004,
      "user": 0.9874999999999998,
      "system": 0.10812499999999999,
      "min": 0.42579646200000004,
      "max": 0.457511162,
      "times": [
        0.456020862,
        0.42591466200000005,
        0.42715586200000005,
        0.42579646200000004,
        0.42700636200000003,
        0.44346296200000007,
        0.457511162,
        0.42664556200000003,
        0.42587046200000006,
        0.42722406200000007
      ],
      "exit_codes": [
        0,
        0,
        0,
        0,
        0,
        0,
        0,
        0,
        0,
        0
      ],
      "parameters": {
        "n_threads": "32"
      }
    },
    {
      "command": "java ../Java/Tas.java 64",
      "mean": 0.429402492,
      "stddev": 0.010456945004270295,
      "median": 0.42614226200000005,
      "user": 0.9749999999999999,
      "system": 0.12062499999999998,
      "min": 0.42420976200000005,
      "max": 0.45904326200000006,
      "times": [
        0.42420976200000005,
        0.45904326200000006,
        0.42516936200000005,
        0.42611466200000003,
        0.42708076200000006,
        0.42616986200000007,
        0.42707476200000005,
        0.426025562,
        0.425815262,
        0.42732166200000005
      ],
      "exit_codes": [
        0,
        0,
        0,
        0,
        0,
        0,
        0,
        0,
        0,
        0
      ],
      "parameters": {
        "n_threads": "64"
      }
    },
    {
      "command": "java ../Java/Tas.java 128",
      "mean": 0.44038337200000005,
      "stddev": 0.01664207103347484,
      "median": 0.4355013120000001,
      "user": 0.9796874999999998,
      "system": 0.10187500000000001,
      "min": 0.42281976200000004,
      "max": 0.45943096200000005,
      "times": [
        0.42281976200000004,
        0.44381986200000006,
        0.42571146200000004,
        0.42718276200000005,
        0.45781436200000003,
        0.45801186200000005,
        0.42586396200000004,
        0.45943096200000005,
        0.42438936200000005,
        0.45878936200000003
      ],
      "exit_codes": [
        0,
        0,
        0,
        0,
        0,
        0,
        0,
        0,
        0,
        0
      ],
      "parameters": {
        "n_threads": "128"
      }
    },
    {
      "command": "java ../Java/Tas.java 256",
      "mean": 0.45423923200000005,
      "stddev": 0.016221348558478933,
      "median": 0.45739246200000006,
      "user": 1.0343749999999998,
      "system": 0.1565625,
      "min": 0.42489496200000004,
      "max": 0.47429866200000004,
      "times": [
        0.47075426200000003,
        0.459329662,
        0.45621346200000007,
        0.45862136200000003,
        0.45765306200000005,
        0.45676176200000007,
        0.45713186200000006,
        0.42489496200000004,
        0.42673326200000006,
        0.47429866200000004
      ],
      "exit_codes": [
        0,
        0,
        0,
        0,
        0,
        0,
        0,
        0,
        0,
        0
      ],
      "parameters": {
        "n_threads": "256"
      }
    },
    {
      "command": "java ../Java/Tas.java 512",
      "mean": 0.45027766199999997,
      "stddev": 0.008086515023447639,
      "median": 0.4496878120000001,
      "user": 0.9937499999999998,
      "system": 0.17687499999999998,
      "min": 0.44147636200000007,
      "max": 0.45958396200000007,
      "times": [
        0.45632616200000004,
        0.44147636200000007,
        0.44278486200000006,
        0.44303496200000003,
        0.44304946200000006,
        0.44296446200000006,
        0.45691016200000006,
        0.45958396200000007,
        0.458539862,
        0.45810636200000004
      ],
      "exit_codes": [
        0,
        0,
        0,
        0,
        0,
        0,
        0,
        0,
        0,
        0
      ],
      "parameters": {
        "n_threads": "512"
      }
    },
    {
      "command": "java ../Java/Tas.java 1024",
      "mean": 0.480273242,
      "stddev": 0.011103694941554861,
      "median": 0.47483136200000003,
      "user": 1.0843749999999999,
      "system": 0.31437499999999996,
      "min": 0.471585762,
      "max": 0.505185062,
      "times": [
        0.471585762,
        0.48985796200000004,
        0.47532426200000005,
        0.47391866200000005,
        0.474915962,
        0.47306926200000005,
        0.47371986200000005,
        0.47474676200000004,
        0.505185062,
        0.49040886200000006
      ],
      "exit_codes": [
        0,
        0,
        0,
        0,
        0,
        0,
        0,
        0,
        0,
        0
      ],
      "parameters": {
        "n_threads": "1024"
      }
    }
  ]
}
