{
  "results": [
    {
      "command": "java ../Java/BakeryAtomic.java 2",
      "mean": 0.74649817,
      "stddev": 0.041766521141943874,
      "median": 0.74596781,
      "user": 0.240625,
      "system": 0.022187500000000002,
      "min": 0.68603061,
      "max": 0.83445361,
      "times": [
        0.83445361,
        0.73111641,
        0.75359191,
        0.68603061,
        0.76674421,
        0.7038934099999999,
        0.77245761,
        0.71740511,
        0.76094511,
        0.73834371
      ],
      "exit_codes": [
        0,
        0,
        0,
        0,
        0,
        0,
        0,
        0,
        0,
        0
      ],
      "parameters": {
        "n_threads": "2"
      }
    },
    {
      "command": "java ../Java/BakeryAtomic.java 4",
      "mean": 0.72585306,
      "stddev": 0.03033039004391653,
      "median": 0.7231849100000001,
      "user": 0.2078125,
      "system": 0.01921875,
      "min": 0.67780421,
      "max": 0.77482971,
      "times": [
        0.71997681,
        0.72639301,
        0.77482971,
        0.73192391,
        0.74490201,
        0.70331091,
        0.76768101,
        0.67780421,
        0.6995363099999999,
        0.71217271
      ],
      "exit_codes": [
        0,
        0,
        0,
        0,
        0,
        0,
        0,
        0,
        0,
        0
      ],
      "parameters": {
        "n_threads": "4"
      }
    },
    {
      "command": "java ../Java/BakeryAtomic.java 8",
      "mean": 0.77029321,
      "stddev": 0.05410505338269657,
      "median": 0.74464226,
      "user": 0.225,
      "system": 0.03140625,
      "min": 0.70272611,
      "max": 0.85118421,
      "times": [
        0.74142881,
        0.81807011,
        0.74346821,
        0.72192961,
        0.85118421,
        0.74581631,
        0.83585211,
        0.72559771,
        0.81685891,
        0.70272611
      ],
      "exit_codes": [
        0,
        0,
        0,
        0,
        0,
        0,
        0,
        0,
        0,
        0
      ],
      "parameters": {
        "n_threads": "8"
      }
    },
    {
      "command": "java ../Java/BakeryAtomic.java 16",
      "mean": 0.7343206600000001,
      "stddev": 0.03853048692301981,
      "median": 0.72572806,
      "user": 0.228125,
      "system": 0.02515625,
      "min": 0.70042341,
      "max": 0.82505231,
      "times": [
        0.82505231,
        0.70436511,
        0.74852381,
        0.72172251,
        0.73445871,
        0.71087751,
        0.76682371,
        0.70042341,
        0.72973361,
        0.70122591
      ],
      "exit_codes": [
        0,
        0,
        0,
        0,
        0,
        0,
        0,
        0,
        0,
        0
      ],
      "parameters": {
        "n_threads": "16"
      }
    },
    {
      "command": "java ../Java/BakeryAtomic.java 32",
      "mean": 0.73822755,
      "stddev": 0.019500133861261343,
      "median": 0.74156581,
      "user": 0.35,
      "system": 0.03125,
      "min": 0.70881191,
      "max": 0.77268581,
      "times": [
        0.74647081,
        0.72148791,
        0.7366608099999999,
        0.77268581,
        0.72155491,
        0.74989731,
        0.70881191,
        0.75230331,
        0.72208531,
        0.75031741
      ],
      "exit_codes": [
        0,
        0,
        0,
        0,
        0,
        0,
        0,
        0,
        0,
        0
      ],
      "parameters": {
        "n_threads": "32"
      }
    },
    {
      "command": "java ../Java/BakeryAtomic.java 64",
      "mean": 0.74092618,
      "stddev": 0.025334833867053912,
      "median": 0.74274341,
      "user": 0.3078125,
      "system": 0.04406249999999999,
      "min": 0.68351351,
      "max": 0.78312161,
      "times": [
        0.75011331,
        0.74732081,
        0.74508841,
        0.73161061,
        0.68351351,
        0.75962991,
        0.73816331,
        0.73030191,
        0.74039841,
        0.78312161
      ],
      "exit_codes": [
        0,
        0,
        0,
        0,
        0,
        0,
        0,
        0,
        0,
        0
      ],
      "parameters": {
        "n_threads": "64"
      }
    },
    {
      "command": "java ../Java/BakeryAtomic.java 128",
      "mean": 0.76870202,
      "stddev": 0.020635205058101274,
      "median": 0.77671281,
      "user": 0.434375,
      "system": 0.08437499999999999,
      "min": 0.73411211,
      "max": 0.79097831,
      "times": [
        0.76264431,
        0.79097831,
        0.73916051,
        0.77634191,
        0.77708371,
        0.78620381,
        0.73411211,
        0.77889231,
        0.75232701,
        0.78927621
      ],
      "exit_codes": [
        0,
        0,
        0,
        0,
        0,
        0,
        0,
        0,
        0,
        0
      ],
      "parameters": {
        "n_threads": "128"
      }
    },
    {
      "command": "java ../Java/BakeryAtomic.java 256",
      "mean": 0.78392192,
      "stddev": 0.024461794473670796,
      "median": 0.77644241,
      "user": 0.4625,
      "system": 0.12656250000000002,
      "min": 0.75136931,
      "max": 0.82784121,
      "times": [
        0.75136931,
        0.80532881,
        0.77301741,
        0.80951091,
        0.79247151,
        0.77986741,
        0.77201211,
        0.77201711,
        0.75578341,
        0.82784121
      ],
      "exit_codes": [
        0,
        0,
        0,
        0,
        0,
        0,
        0,
        0,
        0,
        0
      ],
      "parameters": {
        "n_threads": "256"
      }
    },
    {
      "command": "java ../Java/BakeryAtomic.java 512",
      "mean": 0.91540166,
      "stddev": 0.03826622401765615,
      "median": 0.9002842600000001,
      "user": 0.625,
      "system": 0.30781250000000004,
      "min": 0.87842301,
      "max": 0.98412751,
      "times": [
        0.91211581,
        0.88360711,
        0.87842301,
        0.94603791,
        0.89285671,
        0.88697071,
        0.89070811,
        0.98412751,
        0.90771181,
        0.97145791
      ],
      "exit_codes": [
        0,
        0,
        0,
        0,
        0,
        0,
        0,
        0,
        0,
        0
      ],
      "parameters": {
        "n_threads": "512"
      }
    },
    {
      "command": "java ../Java/BakeryAtomic.java 1024",
      "mean": 1.3920784,
      "stddev": 0.14407910288387074,
      "median": 1.30320066,
      "user": 1.1453125,
      "system": 1.1234374999999999,
      "min": 1.26646291,
      "max": 1.61935621,
      "times": [
        1.39411591,
        1.31027661,
        1.28584451,
        1.29464591,
        1.29612471,
        1.26646291,
        1.59676151,
        1.61935621,
        1.29048451,
        1.56671121
      ],
      "exit_codes": [
        0,
        0,
        0,
        0,
        0,
        0,
        0,
        0,
        0,
        0
      ],
      "parameters": {
        "n_threads": "1024"
      }
    }
  ]
}
