{
  "results": [
    {
      "command": "java ../Java/Ttas.java 2",
      "mean": 0.73991579,
      "stddev": 0.026657243320268503,
      "median": 0.74128755,
      "user": 0.57875,
      "system": 0.04690625000000001,
      "min": 0.6966800500000001,
      "max": 0.7778232500000001,
      "times": [
        0.7464920500000001,
        0.70870635,
        0.7778232500000001,
        0.7177659500000001,
        0.7687894500000001,
        0.7342819500000001,
        0.7653887500000001,
        0.7360830500000001,
        0.74714705,
        0.6966800500000001
      ],
      "exit_codes": [
        0,
        0,
        0,
        0,
        0,
        0,
        0,
        0,
        0,
        0
      ],
      "parameters": {
        "n_threads": "2"
      }
    },
    {
      "command": "java ../Java/Ttas.java 4",
      "mean": 0.74719522,
      "stddev": 0.027565749312146618,
      "median": 0.7494301000000001,
      "user": 0.5928125,
      "system": 0.0550625,
      "min": 0.69932285,
      "max": 0.7863836500000001,
      "times": [
        0.7676241500000001,
        0.7512819500000001,
        0.7863836500000001,
        0.71069435,
        0.76386335,
        0.7475782500000001,
        0.7737053500000001,
        0.69932285,
        0.7367971500000001,
        0.73470115
      ],
      "exit_codes": [
        0,
        0,
        0,
        0,
        0,
        0,
        0,
        0,
        0,
        0
      ],
      "parameters": {
        "n_threads": "4"
      }
    },
    {
      "command": "java ../Java/Ttas.java 8",
      "mean": 0.75732338,
      "stddev": 0.02978254543919793,
      "median": 0.7636904500000001,
      "user": 0.5428124999999999,
      "system": 0.05437500000000001,
      "min": 0.69913475,
      "max": 0.79021925,
      "times": [
        0.78489945,
        0.7309741500000001,
        0.7801640500000001,
        0.72810755,
        0.79021925,
        0.7518025500000001,
        0.7805511500000001,
        0.7595749500000001,
        0.7678059500000001,
        0.69913475
      ],
      "exit_codes": [
        0,
        0,
        0,
        0,
        0,
        0,
        0,
        0,
        0,
        0
      ],
      "parameters": {
        "n_threads": "8"
      }
    },
    {
      "command": "java ../Java/Ttas.java 16",
      "mean": 0.7517309000000001,
      "stddev": 0.035423621932962265,
      "median": 0.7385192500000001,
      "user": 0.531875,
      "system": 0.06721875000000001,
      "min": 0.7216682500000001,
      "max": 0.8378958500000001,
      "times": [
        0.7413814500000001,
        0.73140665,
        0.7347765500000001,
        0.74705505,
        0.7885011500000001,
        0.7500999500000001,
        0.7288670500000001,
        0.7216682500000001,
        0.73565705,
        0.8378958500000001
      ],
      "exit_codes": [
        0,
        0,
        0,
        0,
        0,
        0,
        0,
        0,
        0,
        0
      ],
      "parameters": {
        "n_threads": "16"
      }
    },
    {
      "command": "java ../Java/Ttas.java 32",
      "mean": 0.7477605200000002,
      "stddev": 0.029749952697928777,
      "median": 0.7440347,
      "user": 0.5178125,
      "system": 0.060625000000000005,
      "min": 0.7033902500000001,
      "max": 0.7871253500000001,
      "times": [
        0.7871253500000001,
        0.7033902500000001,
        0.7413569500000001,
        0.7834686500000001,
        0.7869915500000001,
        0.7204192500000001,
        0.7467124500000001,
        0.7519127500000001,
        0.7333207500000001,
        0.7229072500000001
      ],
      "exit_codes": [
        0,
        0,
        0,
        0,
        0,
        0,
        0,
        0,
        0,
        0
      ],
      "parameters": {
        "n_threads": "32"
      }
    },
    {
      "command": "java ../Java/Ttas.java 64",
      "mean": 0.75568578,
      "stddev": 0.020053680271159453,
      "median": 0.7596595500000001,
      "user": 0.531875,
      "system": 0.06531250000000001,
      "min": 0.72030015,
      "max": 0.7891935500000001,
      "times": [
        0.74421515,
        0.76727935,
        0.7609549500000001,
        0.73613565,
        0.7891935500000001,
        0.7734513500000001,
        0.7643439500000001,
        0.7426195500000001,
        0.7583641500000001,
        0.72030015
      ],
      "exit_codes": [
        0,
        0,
        0,
        0,
        0,
        0,
        0,
        0,
        0,
        0
      ],
      "parameters": {
        "n_threads": "64"
      }
    },
    {
      "command": "java ../Java/Ttas.java 128",
      "mean": 0.7715813500000002,
      "stddev": 0.019239863822918417,
      "median": 0.7712983,
      "user": 0.5084375,
      "system": 0.06531250000000001,
      "min": 0.7410060500000001,
      "max": 0.8086635500000001,
      "times": [
        0.7799676500000001,
        0.76660585,
        0.7759907500000001,
        0.7499809500000001,
        0.7869757500000001,
        0.7622391500000001,
        0.7797911500000001,
        0.7410060500000001,
        0.8086635500000001,
        0.7645926500000001
      ],
      "exit_codes": [
        0,
        0,
        0,
        0,
        0,
        0,
        0,
        0,
        0,
        0
      ],
      "parameters": {
        "n_threads": "128"
      }
    },
    {
      "command": "java ../Java/Ttas.java 256",
      "mean": 0.8011336400000001,
      "stddev": 0.035830103451162415,
      "median": 0.7993151500000001,
      "user": 0.6396875,
      "system": 0.1028125,
      "min": 0.7589942500000001,
      "max": 0.8800102500000001,
      "times": [
        0.8076243500000001,
        0.7589942500000001,
        0.8189713500000001,
        0.7910059500000001,
        0.7806685500000001,
        0.77255145,
        0.8106248500000001,
        0.76625865,
        0.8800102500000001,
        0.8246267500000001
      ],
      "exit_codes": [
        0,
        0,
        0,
        0,
        0,
        0,
        0,
        0,
        0,
        0
      ],
      "parameters": {
        "n_threads": "256"
      }
    },
    {
      "command": "java ../Java/Ttas.java 512",
      "mean": 0.7963043200000002,
      "stddev": 0.03375189032642139,
      "median": 0.7991762500000001,
      "user": 0.6287499999999999,
      "system": 0.12625,
      "min": 0.7455506500000001,
      "max": 0.8609842500000001,
      "times": [
        0.7455506500000001,
        0.8141693500000001,
        0.7852064500000001,
        0.81534565,
        0.7815831500000001,
        0.7659596500000001,
        0.8150539500000001,
        0.7660440500000001,
        0.8609842500000001,
        0.8131460500000001
      ],
      "exit_codes": [
        0,
        0,
        0,
        0,
        0,
        0,
        0,
        0,
        0,
        0
      ],
      "parameters": {
        "n_threads": "512"
      }
    },
    {
      "command": "java ../Java/Ttas.java 1024",
      "mean": 0.9040042900000002,
      "stddev": 0.08189986793629563,
      "median": 0.8883483000000001,
      "user": 0.813125,
      "system": 0.2403125,
      "min": 0.80931315,
      "max": 1.08405405,
      "times": [
        0.8133607500000001,
        0.9006029500000001,
        0.8749484500000001,
        0.8760936500000001,
        0.9199683500000001,
        0.80931315,
        0.9437066500000001,
        0.8487815500000001,
        0.9692133500000001,
        1.08405405
      ],
      "exit_codes": [
        0,
        0,
        0,
        0,
        0,
        0,
        0,
        0,
        0,
        0
      ],
      "parameters": {
        "n_threads": "1024"
      }
    }
  ]
}
