{
  "results": [
    {
      "command": "java ../Java/BakerySimples.java 2",
      "mean": 0.40006955400000005,
      "stddev": 0.011821849889594728,
      "median": 0.39510174400000003,
      "user": 0.8137500000000001,
      "system": 0.08937500000000001,
      "min": 0.39331024400000003,
      "max": 0.426899344,
      "times": [
        0.41712604400000003,
        0.39340534400000005,
        0.39569354400000006,
        0.39564534400000007,
        0.39440374400000006,
        0.395211144,
        0.426899344,
        0.39331024400000003,
        0.394008444,
        0.39499234400000005
      ],
      "exit_codes": [
        0,
        0,
        0,
        0,
        0,
        0,
        0,
        0,
        0,
        0
      ],
      "parameters": {
        "n_threads": "2"
      }
    },
    {
      "command": "java ../Java/BakerySimples.java 4",
      "mean": 0.394189444,
      "stddev": 0.0013821027482306242,
      "median": 0.394800594,
      "user": 0.7684375,
      "system": 0.07843750000000002,
      "min": 0.39190504400000004,
      "max": 0.395639944,
      "times": [
        0.393676444,
        0.395639944,
        0.39190504400000004,
        0.39524884400000004,
        0.395045444,
        0.395487244,
        0.39215464400000005,
        0.394614844,
        0.39498634400000004,
        0.39313564400000006
      ],
      "exit_codes": [
        0,
        0,
        0,
        0,
        0,
        0,
        0,
        0,
        0,
        0
      ],
      "parameters": {
        "n_threads": "4"
      }
    },
    {
      "command": "java ../Java/BakerySimples.java 8",
      "mean": 0.3940382340000001,
      "stddev": 0.0007438986063675251,
      "median": 0.39401594400000006,
      "user": 0.760625,
      "system": 0.07375000000000001,
      "min": 0.39295584400000005,
      "max": 0.39537764400000003,
      "times": [
        0.39323604400000006,
        0.39378234400000006,
        0.39478034400000006,
        0.39537764400000003,
        0.39295584400000005,
        0.39343184400000003,
        0.39389964400000005,
        0.394132244,
        0.39462494400000003,
        0.394161444
      ],
      "exit_codes": [
        0,
        0,
        0,
        0,
        0,
        0,
        0,
        0,
        0,
        0
      ],
      "parameters": {
        "n_threads": "8"
      }
    },
    {
      "command": "java ../Java/BakerySimples.java 16",
      "mean": 0.3944584440000001,
      "stddev": 0.0011323277578118157,
      "median": 0.39439859400000005,
      "user": 0.7778125,
      "system": 0.07375000000000001,
      "min": 0.392054944,
      "max": 0.39583804400000006,
      "times": [
        0.39444534400000003,
        0.39357544400000005,
        0.39532664400000006,
        0.39583804400000006,
        0.392054944,
        0.39435184400000006,
        0.39398644400000005,
        0.39515114400000007,
        0.39569284400000004,
        0.39416174400000004
      ],
      "exit_codes": [
        0,
        0,
        0,
        0,
        0,
        0,
        0,
        0,
        0,
        0
      ],
      "parameters": {
        "n_threads": "16"
      }
    },
    {
      "command": "java ../Java/BakerySimples.java 32",
      "mean": 0.3943511840000001,
      "stddev": 0.0006740325844414997,
      "median": 0.39422354400000004,
      "user": 0.7653125000000001,
      "system": 0.09875000000000002,
      "min": 0.39366024400000005,
      "max": 0.39600924400000004,
      "times": [
        0.39413444400000003,
        0.39484734400000004,
        0.39366024400000005,
        0.39600924400000004,
        0.39432254400000005,
        0.394380944,
        0.39398654400000005,
        0.394124444,
        0.39431264400000005,
        0.39373344400000004
      ],
      "exit_codes": [
        0,
        0,
        0,
        0,
        0,
        0,
        0,
        0,
        0,
        0
      ],
      "parameters": {
        "n_threads": "32"
      }
    },
    {
      "command": "java ../Java/BakerySimples.java 64",
      "mean": 0.3944621840000001,
      "stddev": 0.0007049774152410838,
      "median": 0.39454749400000005,
      "user": 0.8325000000000001,
      "system": 0.1003125,
      "min": 0.39289384400000005,
      "max": 0.395545444,
      "times": [
        0.39442994400000003,
        0.39465414400000004,
        0.393800244,
        0.39460474400000006,
        0.39447304400000005,
        0.395545444,
        0.39477064400000006,
        0.39289384400000005,
        0.39495954400000005,
        0.39449024400000005
      ],
      "exit_codes": [
        0,
        0,
        0,
        0,
        0,
        0,
        0,
        0,
        0,
        0
      ],
      "parameters": {
        "n_threads": "64"
      }
    },
    {
      "command": "java ../Java/BakerySimples.java 128",
      "mean": 0.4034724240000001,
      "stddev": 0.007882847086173879,
      "median": 0.40845689400000007,
      "user": 0.8481250000000001,
      "system": 0.114375,
      "min": 0.393875244,
      "max": 0.41038364400000005,
      "times": [
        0.39430654400000004,
        0.40942614400000005,
        0.410297744,
        0.40795754400000006,
        0.41028144400000005,
        0.408956244,
        0.393875244,
        0.39446194400000006,
        0.41038364400000005,
        0.39477774400000004
      ],
      "exit_codes": [
        0,
        0,
        0,
        0,
        0,
        0,
        0,
        0,
        0,
        0
      ],
      "parameters": {
        "n_threads": "128"
      }
    },
    {
      "command": "java ../Java/BakerySimples.java 256",
      "mean": 0.42891413399999995,
      "stddev": 0.01257088400121929,
      "median": 0.42708264400000007,
      "user": 0.8340625000000002,
      "system": 0.12375,
      "min": 0.408353644,
      "max": 0.44301924400000003,
      "times": [
        0.44301924400000003,
        0.44004464400000004,
        0.44069124400000004,
        0.440767844,
        0.42574264400000006,
        0.408353644,
        0.426843744,
        0.42710874400000004,
        0.42705654400000004,
        0.40951304400000005
      ],
      "exit_codes": [
        0,
        0,
        0,
        0,
        0,
        0,
        0,
        0,
        0,
        0
      ],
      "parameters": {
        "n_threads": "256"
      }
    },
    {
      "command": "java ../Java/BakerySimples.java 512",
      "mean": 0.428050344,
      "stddev": 0.005064085853449879,
      "median": 0.42659449400000005,
      "user": 0.8949999999999999,
      "system": 0.145625,
      "min": 0.42527264400000003,
      "max": 0.44231764400000007,
      "times": [
        0.42535984400000004,
        0.42527264400000003,
        0.426899444,
        0.42742324400000004,
        0.42735774400000004,
        0.42650904400000006,
        0.42639694400000006,
        0.44231764400000007,
        0.42628694400000006,
        0.42667994400000003
      ],
      "exit_codes": [
        0,
        0,
        0,
        0,
        0,
        0,
        0,
        0,
        0,
        0
      ],
      "parameters": {
        "n_threads": "512"
      }
    },
    {
      "command": "java ../Java/BakerySimples.java 1024",
      "mean": 0.445853944,
      "stddev": 0.006982903887988782,
      "median": 0.44301834400000006,
      "user": 0.9371875,
      "system": 0.2440625,
      "min": 0.44039684400000007,
      "max": 0.45981884400000006,
      "times": [
        0.44039684400000007,
        0.44276354400000006,
        0.44238304400000006,
        0.44299794400000003,
        0.44330284400000003,
        0.44263184400000005,
        0.45981884400000006,
        0.458165144,
        0.44303874400000004,
        0.44304064400000004
      ],
      "exit_codes": [
        0,
        0,
        0,
        0,
        0,
        0,
        0,
        0,
        0,
        0
      ],
      "parameters": {
        "n_threads": "1024"
      }
    }
  ]
}
