{
  "results": [
    {
      "command": "java ../Java/BakeryAtomic.java 2",
      "mean": 0.439362898,
      "stddev": 0.006301177201911476,
      "median": 0.4421633380000001,
      "user": 1.0275,
      "system": 0.09625,
      "min": 0.426425488,
      "max": 0.44329128800000006,
      "times": [
        0.42856008800000006,
        0.4412627880000001,
        0.44329128800000006,
        0.441793988,
        0.44250938800000006,
        0.426425488,
        0.44266708800000004,
        0.44279218800000003,
        0.44232328800000004,
        0.44200338800000005
      ],
      "exit_codes": [
        0,
        0,
        0,
        0,
        0,
        0,
        0,
        0,
        0,
        0
      ],
      "parameters": {
        "n_threads": "2"
      }
    },
    {
      "command": "java ../Java/BakeryAtomic.java 4",
      "mean": 0.443526868,
      "stddev": 0.014079344100789794,
      "median": 0.442561038,
      "user": 1.0196874999999999,
      "system": 0.1025,
      "min": 0.4259196880000001,
      "max": 0.47414678800000004,
      "times": [
        0.43758618800000004,
        0.44276638800000007,
        0.4583453880000001,
        0.44326368800000004,
        0.44083378800000006,
        0.47414678800000004,
        0.4259196880000001,
        0.44301808800000003,
        0.442355688,
        0.42703298800000006
      ],
      "exit_codes": [
        0,
        0,
        0,
        0,
        0,
        0,
        0,
        0,
        0,
        0
      ],
      "parameters": {
        "n_threads": "4"
      }
    },
    {
      "command": "java ../Java/BakeryAtomic.java 8",
      "mean": 0.44818344800000015,
      "stddev": 0.012699608674390978,
      "median": 0.44291838800000005,
      "user": 1.0462500000000001,
      "system": 0.136875,
      "min": 0.42701728800000005,
      "max": 0.47147308800000004,
      "times": [
        0.47147308800000004,
        0.44180318800000007,
        0.44367448800000003,
        0.457287588,
        0.44126588800000005,
        0.44142618800000005,
        0.45803188800000005,
        0.44216228800000007,
        0.42701728800000005,
        0.45769258800000007
      ],
      "exit_codes": [
        0,
        0,
        0,
        0,
        0,
        0,
        0,
        0,
        0,
        0
      ],
      "parameters": {
        "n_threads": "8"
      }
    },
    {
      "command": "java ../Java/BakeryAtomic.java 16",
      "mean": 0.451503398,
      "stddev": 0.012853833458497032,
      "median": 0.45730968800000005,
      "user": 1.0415625,
      "system": 0.08375,
      "min": 0.42668918800000005,
      "max": 0.47004638800000004,
      "times": [
        0.47004638800000004,
        0.458808788,
        0.44209198800000005,
        0.42668918800000005,
        0.45955548800000007,
        0.441790088,
        0.44183948800000006,
        0.45959318800000004,
        0.45738728800000006,
        0.45723208800000004
      ],
      "exit_codes": [
        0,
        0,
        0,
        0,
        0,
        0,
        0,
        0,
        0,
        0
      ],
      "parameters": {
        "n_threads": "16"
      }
    },
    {
      "command": "java ../Java/BakeryAtomic.java 32",
      "mean": 0.43863556800000003,
      "stddev": 0.010088196923115429,
      "median": 0.4415649380000001,
      "user": 1.0665625,
      "system": 0.12593749999999998,
      "min": 0.42518078800000003,
      "max": 0.45828678800000006,
      "times": [
        0.437500688,
        0.42655548800000004,
        0.443295788,
        0.45828678800000006,
        0.44134128800000005,
        0.44332698800000003,
        0.42518078800000003,
        0.42722578800000005,
        0.44185348800000007,
        0.44178858800000004
      ],
      "exit_codes": [
        0,
        0,
        0,
        0,
        0,
        0,
        0,
        0,
        0,
        0
      ],
      "parameters": {
        "n_threads": "32"
      }
    },
    {
      "command": "java ../Java/BakeryAtomic.java 64",
      "mean": 0.442406128,
      "stddev": 0.012410605856300664,
      "median": 0.44235778800000003,
      "user": 1.0384375000000001,
      "system": 0.10718749999999999,
      "min": 0.42655618800000006,
      "max": 0.47243988800000003,
      "times": [
        0.47243988800000003,
        0.42655618800000006,
        0.44308028800000004,
        0.44315418800000006,
        0.442411688,
        0.44300268800000003,
        0.44188128800000004,
        0.42720208800000004,
        0.44202908800000007,
        0.44230388800000003
      ],
      "exit_codes": [
        0,
        0,
        0,
        0,
        0,
        0,
        0,
        0,
        0,
        0
      ],
      "parameters": {
        "n_threads": "64"
      }
    },
    {
      "command": "java ../Java/BakeryAtomic.java 128",
      "mean": 0.45801500799999995,
      "stddev": 0.012823591190181054,
      "median": 0.45826973800000004,
      "user": 1.115,
      "system": 0.1759375,
      "min": 0.440990888,
      "max": 0.47560018800000003,
      "times": [
        0.46995668800000007,
        0.47496418800000006,
        0.440990888,
        0.45864798800000006,
        0.45741078800000007,
        0.457990388,
        0.443411688,
        0.45854908800000005,
        0.44262818800000003,
        0.47560018800000003
      ],
      "exit_codes": [
        0,
        0,
        0,
        0,
        0,
        0,
        0,
        0,
        0,
        0
      ],
      "parameters": {
        "n_threads": "128"
      }
    },
    {
      "command": "java ../Java/BakeryAtomic.java 256",
      "mean": 0.4801558880000001,
      "stddev": 0.013678226687533572,
      "median": 0.48710678800000007,
      "user": 1.0946875,
      "system": 0.16499999999999998,
      "min": 0.456389888,
      "max": 0.49119688800000005,
      "times": [
        0.48609078800000005,
        0.456389888,
        0.49119688800000005,
        0.48812278800000003,
        0.45801608800000004,
        0.491110988,
        0.49047478800000005,
        0.47444848800000006,
        0.49105848800000007,
        0.47464968800000007
      ],
      "exit_codes": [
        0,
        0,
        0,
        0,
        0,
        0,
        0,
        0,
        0,
        0
      ],
      "parameters": {
        "n_threads": "256"
      }
    },
    {
      "command": "java ../Java/BakeryAtomic.java 512",
      "mean": 0.668750528,
      "stddev": 0.05851576048414839,
      "median": 0.674561238,
      "user": 3.4274999999999998,
      "system": 1.086875,
      "min": 0.522410888,
      "max": 0.730569888,
      "times": [
        0.711176488,
        0.522410888,
        0.6958124880000001,
        0.666978788,
        0.649965288,
        0.682143688,
        0.663156388,
        0.650282388,
        0.730569888,
        0.715008988
      ],
      "exit_codes": [
        0,
        0,
        0,
        0,
        0,
        0,
        0,
        0,
        0,
        0
      ],
      "parameters": {
        "n_threads": "512"
      }
    },
    {
      "command": "java ../Java/BakeryAtomic.java 1024",
      "mean": 0.6210323680000001,
      "stddev": 0.03613366019236542,
      "median": 0.602484988,
      "user": 2.3759375,
      "system": 1.34625,
      "min": 0.583987288,
      "max": 0.682290588,
      "times": [
        0.583987288,
        0.602637488,
        0.601114788,
        0.601094988,
        0.587540588,
        0.634710588,
        0.632781488,
        0.602332488,
        0.681833388,
        0.682290588
      ],
      "exit_codes": [
        0,
        0,
        0,
        0,
        0,
        0,
        0,
        0,
        0,
        0
      ],
      "parameters": {
        "n_threads": "1024"
      }
    }
  ]
}
