{
  "results": [
    {
      "command": "java ../Java/Ttas.java 2",
      "mean": 0.442791086,
      "stddev": 0.014867144009022048,
      "median": 0.44256973600000005,
      "user": 1.000625,
      "system": 0.0825,
      "min": 0.424923936,
      "max": 0.459308836,
      "times": [
        0.431955436,
        0.441960336,
        0.45863303600000005,
        0.459308836,
        0.45695723600000004,
        0.42588243600000003,
        0.424923936,
        0.44317913600000003,
        0.426103736,
        0.459006736
      ],
      "exit_codes": [
        0,
        0,
        0,
        0,
        0,
        0,
        0,
        0,
        0,
        0
      ],
      "parameters": {
        "n_threads": "2"
      }
    },
    {
      "command": "java ../Java/Ttas.java 4",
      "mean": 0.4405017560000001,
      "stddev": 0.011716879387997849,
      "median": 0.44239233600000005,
      "user": 1.0021875000000002,
      "system": 0.135625,
      "min": 0.424887936,
      "max": 0.459364936,
      "times": [
        0.455157036,
        0.441705736,
        0.441198436,
        0.426587736,
        0.44307893600000003,
        0.443321936,
        0.424887936,
        0.44344033600000005,
        0.42627453600000004,
        0.459364936
      ],
      "exit_codes": [
        0,
        0,
        0,
        0,
        0,
        0,
        0,
        0,
        0,
        0
      ],
      "parameters": {
        "n_threads": "4"
      }
    },
    {
      "command": "java ../Java/Ttas.java 8",
      "mean": 0.437378086,
      "stddev": 0.013098339778956723,
      "median": 0.43290153600000003,
      "user": 1.0240625,
      "system": 0.09656250000000002,
      "min": 0.42598503600000004,
      "max": 0.45914843600000005,
      "times": [
        0.439085736,
        0.426134036,
        0.426717336,
        0.443255836,
        0.42598503600000004,
        0.443153336,
        0.45914843600000005,
        0.457233636,
        0.42646923600000003,
        0.426598236
      ],
      "exit_codes": [
        0,
        0,
        0,
        0,
        0,
        0,
        0,
        0,
        0,
        0
      ],
      "parameters": {
        "n_threads": "8"
      }
    },
    {
      "command": "java ../Java/Ttas.java 16",
      "mean": 0.431024596,
      "stddev": 0.011354871948610125,
      "median": 0.426367786,
      "user": 0.9959375000000001,
      "system": 0.12,
      "min": 0.42441533600000003,
      "max": 0.459237336,
      "times": [
        0.425163836,
        0.426367936,
        0.459237336,
        0.42601623600000005,
        0.426990336,
        0.443403836,
        0.426367636,
        0.42441533600000003,
        0.42675313600000003,
        0.425530336
      ],
      "exit_codes": [
        0,
        0,
        0,
        0,
        0,
        0,
        0,
        0,
        0,
        0
      ],
      "parameters": {
        "n_threads": "16"
      }
    },
    {
      "command": "java ../Java/Ttas.java 32",
      "mean": 0.4339029160000001,
      "stddev": 0.013712218379387048,
      "median": 0.42663898600000005,
      "user": 1.0240625,
      "system": 0.11218750000000002,
      "min": 0.423792736,
      "max": 0.458457736,
      "times": [
        0.423792736,
        0.442900136,
        0.426271536,
        0.42698523600000005,
        0.426067236,
        0.427103636,
        0.45709183600000003,
        0.458457736,
        0.42406633600000004,
        0.426292736
      ],
      "exit_codes": [
        0,
        0,
        0,
        0,
        0,
        0,
        0,
        0,
        0,
        0
      ],
      "parameters": {
        "n_threads": "32"
      }
    },
    {
      "command": "java ../Java/Ttas.java 64",
      "mean": 0.44968135600000003,
      "stddev": 0.01125255396973405,
      "median": 0.456177486,
      "user": 0.9490625000000001,
      "system": 0.12312500000000001,
      "min": 0.42443903600000005,
      "max": 0.459031436,
      "times": [
        0.456969236,
        0.456058736,
        0.457928536,
        0.457681636,
        0.42443903600000005,
        0.444271536,
        0.456296236,
        0.44241863600000003,
        0.441718536,
        0.459031436
      ],
      "exit_codes": [
        0,
        0,
        0,
        0,
        0,
        0,
        0,
        0,
        0,
        0
      ],
      "parameters": {
        "n_threads": "64"
      }
    },
    {
      "command": "java ../Java/Ttas.java 128",
      "mean": 0.445704886,
      "stddev": 0.010609995253768966,
      "median": 0.44231208600000005,
      "user": 1.0178125000000002,
      "system": 0.1184375,
      "min": 0.426244936,
      "max": 0.459522036,
      "times": [
        0.440634736,
        0.459199636,
        0.426244936,
        0.442230336,
        0.44239383600000004,
        0.443738236,
        0.441999436,
        0.459522036,
        0.44193223600000003,
        0.459153436
      ],
      "exit_codes": [
        0,
        0,
        0,
        0,
        0,
        0,
        0,
        0,
        0,
        0
      ],
      "parameters": {
        "n_threads": "128"
      }
    },
    {
      "command": "java ../Java/Ttas.java 256",
      "mean": 0.449759466,
      "stddev": 0.011697287082534223,
      "median": 0.44312133600000003,
      "user": 1.0334375000000002,
      "system": 0.14656249999999998,
      "min": 0.43926293600000005,
      "max": 0.474555636,
      "times": [
        0.43926293600000005,
        0.44316633600000005,
        0.45788753600000004,
        0.459077536,
        0.44041493600000003,
        0.45662343600000005,
        0.474555636,
        0.440514336,
        0.44301563600000005,
        0.443076336
      ],
      "exit_codes": [
        0,
        0,
        0,
        0,
        0,
        0,
        0,
        0,
        0,
        0
      ],
      "parameters": {
        "n_threads": "256"
      }
    },
    {
      "command": "java ../Java/Ttas.java 512",
      "mean": 0.459510446,
      "stddev": 0.004535830125530127,
      "median": 0.45855698600000006,
      "user": 1.0412500000000002,
      "system": 0.18562499999999998,
      "min": 0.45564423600000004,
      "max": 0.472091236,
      "times": [
        0.45564423600000004,
        0.45735683600000004,
        0.457892736,
        0.458738336,
        0.458407636,
        0.472091236,
        0.45870633600000005,
        0.459108236,
        0.45898603600000004,
        0.458172836
      ],
      "exit_codes": [
        0,
        0,
        0,
        0,
        0,
        0,
        0,
        0,
        0,
        0
      ],
      "parameters": {
        "n_threads": "512"
      }
    },
    {
      "command": "java ../Java/Ttas.java 1024",
      "mean": 0.4821094960000001,
      "stddev": 0.008030774551574851,
      "median": 0.481169886,
      "user": 1.0553125,
      "system": 0.3215625,
      "min": 0.47418033600000004,
      "max": 0.49111643600000005,
      "times": [
        0.487434036,
        0.47418033600000004,
        0.49111643600000005,
        0.488812036,
        0.474584736,
        0.474529436,
        0.48997303600000003,
        0.49097903600000004,
        0.474905736,
        0.47458013600000004
      ],
      "exit_codes": [
        0,
        0,
        0,
        0,
        0,
        0,
        0,
        0,
        0,
        0
      ],
      "parameters": {
        "n_threads": "1024"
      }
    }
  ]
}
