{
  "results": [
    {
      "command": "java ../Java/BakerySimples.java 100",
      "mean": 0.43938589999999983,
      "stddev": 0.006726626617975809,
      "median": 0.4407544540000001,
      "user": 0.8767187500000013,
      "system": 0.11156249999999995,
      "min": 0.42467045400000003,
      "max": 0.4640665540000001,
      "times": [
        0.4640665540000001,
        0.44032515400000005,
        0.44226875400000004,
        0.44207735400000003,
        0.44095415400000004,
        0.43841705400000003,
        0.43852785400000005,
        0.441096254,
        0.44121685400000005,
        0.44214935400000005,
        0.42850115400000005,
        0.44077145400000006,
        0.42930975400000004,
        0.43000515400000006,
        0.43875165400000005,
        0.44195035400000005,
        0.441330054,
        0.44031295400000003,
        0.44188535400000006,
        0.43099285400000004,
        0.425313054,
        0.425855554,
        0.42740305400000006,
        0.42848835400000007,
        0.44027815400000003,
        0.44060535400000006,
        0.44143855400000004,
        0.440830054,
        0.42995275400000005,
        0.42467045400000003,
        0.431915154,
        0.43213595400000004,
        0.42887495400000003,
        0.44178995400000004,
        0.44320495400000004,
        0.44058245400000007,
        0.44249695400000005,
        0.44215125400000005,
        0.44156685400000006,
        0.44075245400000007,
        0.44207235400000006,
        0.4405092540000001,
        0.44232575400000007,
        0.44014285400000003,
        0.44266155400000007,
        0.44064375400000005,
        0.44030025400000006,
        0.44314605400000007,
        0.4407023540000001,
        0.44113955400000004,
        0.44055885400000006,
        0.44152785400000005,
        0.442275854,
        0.4413374540000001,
        0.44114715400000004,
        0.4407564540000001,
        0.440354954,
        0.43942215400000006,
        0.45764765400000007,
        0.44863965400000005,
        0.42685835400000005,
        0.42778825400000003,
        0.44404465400000004,
        0.42498345400000004,
        0.4361522540000001,
        0.43925235400000007,
        0.442302754,
        0.44119255400000007,
        0.440449754,
        0.44223165400000003,
        0.43998705400000004,
        0.44294915400000007,
        0.44070305400000004,
        0.43909085400000003,
        0.44063525400000003,
        0.44285215400000005,
        0.442318254,
        0.44271835400000004,
        0.44005635400000004,
        0.44288505400000006,
        0.45468755400000005,
        0.442573154,
        0.43135225400000005,
        0.42803065400000007,
        0.42654405400000006,
        0.427594954,
        0.44530405400000006,
        0.44129465400000006,
        0.44095755400000003,
        0.44237645400000003,
        0.43955225400000003,
        0.43988095400000005,
        0.441864754,
        0.44027745400000007,
        0.441744954,
        0.44058705400000003,
        0.44051195400000004,
        0.4423297540000001,
        0.443011454,
        0.4561343540000001
      ],
      "exit_codes": [
        0,
        0,
        0,
        0,
        0,
        0,
        0,
        0,
        0,
        0,
        0,
        0,
        0,
        0,
        0,
        0,
        0,
        0,
        0,
        0,
        0,
        0,
        0,
        0,
        0,
        0,
        0,
        0,
        0,
        0,
        0,
        0,
        0,
        0,
        0,
        0,
        0,
        0,
        0,
        0,
        0,
        0,
        0,
        0,
        0,
        0,
        0,
        0,
        0,
        0,
        0,
        0,
        0,
        0,
        0,
        0,
        0,
        0,
        0,
        0,
        0,
        0,
        0,
        0,
        0,
        0,
        0,
        0,
        0,
        0,
        0,
        0,
        0,
        0,
        0,
        0,
        0,
        0,
        0,
        0,
        0,
        0,
        0,
        0,
        0,
        0,
        0,
        0,
        0,
        0,
        0,
        0,
        0,
        0,
        0,
        0,
        0,
        0,
        0,
        0
      ]
    },
    {
      "command": "java ../Java/BakerySimples.java 200",
      "mean": 0.44801811300000005,
      "stddev": 0.009357439282564856,
      "median": 0.44464870400000006,
      "user": 0.9139062500000013,
      "system": 0.13001874999999996,
      "min": 0.42388295400000003,
      "max": 0.47298035400000005,
      "times": [
        0.42929515400000007,
        0.42388295400000003,
        0.43703405400000006,
        0.4440883540000001,
        0.45546905400000004,
        0.44042745400000005,
        0.44174135400000003,
        0.44157655400000007,
        0.44218745400000004,
        0.45629705400000004,
        0.45674805400000007,
        0.441922454,
        0.442244954,
        0.4410324540000001,
        0.45548465400000004,
        0.45817965400000005,
        0.45752015400000007,
        0.4572751540000001,
        0.44082325400000005,
        0.45795945400000004,
        0.45654085400000005,
        0.44113275400000007,
        0.45954295400000006,
        0.44134375400000003,
        0.47298035400000005,
        0.45605195400000004,
        0.45620225400000003,
        0.45802745400000006,
        0.4408027540000001,
        0.44161485400000006,
        0.45732055400000005,
        0.44417865400000006,
        0.44238115400000005,
        0.44382035400000003,
        0.45202525400000004,
        0.451007254,
        0.45667075400000007,
        0.4581053540000001,
        0.45623135400000003,
        0.46959445400000005,
        0.44120795400000007,
        0.4441520540000001,
        0.44511875400000006,
        0.43942025400000007,
        0.43702365400000004,
        0.458072754,
        0.45333835400000005,
        0.457725154,
        0.43514895400000003,
        0.43539505400000006,
        0.42617565400000007,
        0.461290654,
        0.44278445400000005,
        0.44680115400000003,
        0.4432370540000001,
        0.440727754,
        0.441247054,
        0.44111655400000005,
        0.45649405400000004,
        0.44288445400000004,
        0.44004335400000005,
        0.45503305400000005,
        0.44265755400000006,
        0.44375945400000005,
        0.44259025400000007,
        0.442461154,
        0.45452135400000004,
        0.4565899540000001,
        0.45611835400000006,
        0.45626295400000005,
        0.457032154,
        0.45757395400000006,
        0.45455385400000003,
        0.44184435400000005,
        0.45661445400000006,
        0.43842625400000007,
        0.43462615400000004,
        0.4434281540000001,
        0.42996285400000006,
        0.44975185400000006,
        0.458053454,
        0.45885715400000004,
        0.45772745400000003,
        0.45663595400000007,
        0.436897754,
        0.44111045400000004,
        0.44364025400000007,
        0.44197555400000005,
        0.44359295400000004,
        0.45649405400000004,
        0.456927954,
        0.45767465400000007,
        0.439866754,
        0.43310585400000007,
        0.44912435400000006,
        0.44602035400000006,
        0.44381535400000005,
        0.44878105400000007,
        0.45589385400000004,
        0.45563805400000007
      ],