{
  "results": [
    {
      "command": "java ../Java/BakeryAtomic.java 100",
      "mean": 0.4610537370000001,
      "stddev": 0.0097754493042178,
      "median": 0.45796516800000003,
      "user": 1.161249999999997,
      "system": 0.17859375,
      "min": 0.44165766800000006,
      "max": 0.505561268,
      "times": [
        0.476500868,
        0.455376168,
        0.45879896800000003,
        0.474645868,
        0.454490068,
        0.45836946800000006,
        0.47242326800000006,
        0.457978168,
        0.4734911680000001,
        0.44247066800000007,
        0.456765968,
        0.45759826800000003,
        0.44280256800000006,
        0.45776236800000003,
        0.45781316800000005,
        0.45799096800000005,
        0.45820726800000006,
        0.44247906800000003,
        0.45637466800000004,
        0.47414936800000007,
        0.457683068,
        0.45879846800000007,
        0.457953168,
        0.45577876800000006,
        0.45684826800000006,
        0.45765716800000006,
        0.45871696800000006,
        0.47472406800000005,
        0.471618968,
        0.45910696800000006,
        0.49212826800000004,
        0.45843056800000004,
        0.47409296800000006,
        0.47301326800000004,
        0.47287266800000005,
        0.45698316800000005,
        0.45829006800000005,
        0.457200468,
        0.45750856800000006,
        0.45871516800000006,
        0.47311146800000003,
        0.45604836800000004,
        0.457775468,
        0.457762068,
        0.45766906800000007,
        0.45728886800000007,
        0.45793546800000007,
        0.45867186800000004,
        0.45850286800000006,
        0.45761206800000004,
        0.45698546800000006,
        0.505561268,
        0.44165766800000006,
        0.45237686800000004,
        0.45921976800000003,
        0.45781906800000005,
        0.45776296800000005,
        0.45623726800000003,
        0.45913106800000003,
        0.45860606800000003,
        0.456966868,
        0.457820168,
        0.473031768,
        0.457675368,
        0.45794256800000005,
        0.45831886800000005,
        0.45734406800000005,
        0.45696216800000006,
        0.45692396800000007,
        0.456072868,
        0.45727206800000003,
        0.45898706800000005,
        0.47353526800000006,
        0.45922396800000004,
        0.45621446800000004,
        0.45879346800000004,
        0.45907506800000003,
        0.475213268,
        0.45797716800000005,
        0.45833766800000003,
        0.4553758680000001,
        0.486324868,
        0.456964768,
        0.46031166800000006,
        0.45755396800000003,
        0.45564396800000007,
        0.45860696800000006,
        0.45896606800000006,
        0.45890156800000004,
        0.49091306800000006,
        0.45696536800000004,
        0.473576268,
        0.45806736800000003,
        0.45779466800000007,
        0.473661168,
        0.45687746800000006,
        0.45769516800000004,
        0.45887486800000005,
        0.45739456800000006,
        0.45887136800000006
      ],
      "exit_codes": [
        0,
        0,
        0,
        0,
        0,
        0,
        0,
        0,
        0,
        0,
        0,
        0,
        0,
        0,
        0,
        0,
        0,
        0,
        0,
        0,
        0,
        0,
        0,
        0,
        0,
        0,
        0,
        0,
        0,
        0,
        0,
        0,
        0,
        0,
        0,
        0,
        0,
        0,
        0,
        0,
        0,
        0,
        0,
        0,
        0,
        0,
        0,
        0,
        0,
        0,
        0,
        0,
        0,
        0,
        0,
        0,
        0,
        0,
        0,
        0,
        0,
        0,
        0,
        0,
        0,
        0,
        0,
        0,
        0,
        0,
        0,
        0,
        0,
        0,
        0,
        0,
        0,
        0,
        0,
        0,
        0,
        0,
        0,
        0,
        0,
        0,
        0,
        0,
        0,
        0,
        0,
        0,
        0,
        0,
        0,
        0,
        0,
        0,
        0,
        0
      ]
    },
    {
      "command": "java ../Java/BakeryAtomic.java 200",
      "mean": 0.4577813210000001,
      "stddev": 0.007203102776006189,
      "median": 0.457325168,
      "user": 1.163437499999997,
      "system": 0.16953125000000008,
      "min": 0.44212486800000006,
      "max": 0.47946846800000004,
      "times": [
        0.46799616800000005,
        0.45662066800000006,
        0.471464468,
        0.45405396800000003,
        0.44212486800000006,
        0.47259126800000006,
        0.45923426800000006,
        0.45718956800000005,
        0.45901656800000007,
        0.47474246800000003,
        0.45703726800000005,
        0.44241536800000003,
        0.457283368,
        0.45780186800000006,
        0.45844256800000005,
        0.45626096800000004,
        0.474574468,
        0.45695966800000004,
        0.45790666800000007,
        0.45680756800000005,
        0.45885036800000006,
        0.44323426800000004,
        0.45524336800000004,
        0.4594027680000001,
        0.457567268,
        0.45935236800000007,
        0.45821496800000006,
        0.47165086800000006,
        0.46194966800000004,
        0.44618396800000004,
        0.44826696800000004,
        0.457717568,
        0.44674206800000005,
        0.458217568,
        0.45718386800000005,
        0.458739068,
        0.45893296800000005,
        0.47512746800000005,
        0.45455826800000004,
        0.45711046800000005,
        0.45808676800000003,
        0.45701626800000006,
        0.45649916800000007,
        0.45736696800000004,
        0.45689686800000007,
        0.45560926800000007,
        0.46105226800000004,
        0.456623068,
        0.46714816800000003,
        0.45352536800000004,
        0.45692276800000003,
        0.45952756800000005,
        0.45620786800000007,
        0.45812426800000006,
        0.45548876800000004,
        0.45905416800000004,
        0.45785056800000007,
        0.47215196800000003,
        0.45741186800000005,
        0.45909746800000006,
        0.457389468,
        0.45781846800000003,
        0.45460416800000003,
        0.45574606800000006,
        0.443619568,
        0.45170516800000005,
        0.45501526800000003,
        0.45767826800000005,
        0.457258168,
        0.45779166800000004,
        0.47439926800000004,
        0.45851846800000007,
        0.456231168,
        0.45824806800000006,
        0.45573816800000005,
        0.448385868,
        0.45764316800000004,
        0.467209668,
        0.44568356800000003,
        0.45907306800000003,
        0.46173336800000003,
        0.45951176800000004,
        0.45589706800000007,
        0.45490666800000007,
        0.45651336800000003,
        0.44227756800000007,
        0.45782036800000003,
        0.47420986800000003,
        0.457920468,
        0.45514776800000006,
        0.44906906800000007,
        0.455866268,
        0.47946846800000004,
        0.45775286800000003,
        0.45513646800000007,
        0.456997468,
        0.44956826800000005,
        0.454509268,
        0.45715626800000003,
        0.45048096800000004
      ],