{
  "results": [
    {
      "command": "java ../Java/Tas.java 2",
      "mean": 0.748394058,
      "stddev": 0.03680457576867464,
      "median": 0.735011198,
      "user": 0.465625,
      "system": 0.07093749999999999,
      "min": 0.708658748,
      "max": 0.8031672480000001,
      "times": [
        0.722823148,
        0.799847748,
        0.796932248,
        0.725616448,
        0.717256248,
        0.738964148,
        0.8031672480000001,
        0.731058248,
        0.739616348,
        0.708658748
      ],
      "exit_codes": [
        0,
        0,
        0,
        0,
        0,
        0,
        0,
        0,
        0,
        0
      ],
      "parameters": {
        "n_threads": "2"
      }
    },
    {
      "command": "java ../Java/Tas.java 4",
      "mean": 0.751846138,
      "stddev": 0.0683473559354217,
      "median": 0.737871748,
      "user": 0.5515625,
      "system": 0.06,
      "min": 0.690913248,
      "max": 0.9360881480000001,
      "times": [
        0.9360881480000001,
        0.728031248,
        0.750509148,
        0.710789548,
        0.736772148,
        0.712649148,
        0.738971348,
        0.690913248,
        0.765525848,
        0.748211548
      ],
      "exit_codes": [
        0,
        0,
        0,
        0,
        0,
        0,
        0,
        0,
        0,
        0
      ],
      "parameters": {
        "n_threads": "4"
      }
    },
    {
      "command": "java ../Java/Tas.java 8",
      "mean": 0.741835048,
      "stddev": 0.028592105655155176,
      "median": 0.729937498,
      "user": 0.4703125,
      "system": 0.0490625,
      "min": 0.711230748,
      "max": 0.796244648,
      "times": [
        0.740953248,
        0.711230748,
        0.789149848,
        0.728031048,
        0.730763148,
        0.725440148,
        0.796244648,
        0.720572648,
        0.746853148,
        0.729111848
      ],
      "exit_codes": [
        0,
        0,
        0,
        0,
        0,
        0,
        0,
        0,
        0,
        0
      ],
      "parameters": {
        "n_threads": "8"
      }
    },
    {
      "command": "java ../Java/Tas.java 16",
      "mean": 0.7650573279999999,
      "stddev": 0.036928709691716986,
      "median": 0.7567836480000001,
      "user": 0.5515625,
      "system": 0.05228125,
      "min": 0.717095948,
      "max": 0.832428948,
      "times": [
        0.757980348,
        0.762732648,
        0.752525048,
        0.746940748,
        0.768375148,
        0.717095948,
        0.755586948,
        0.731368948,
        0.825538548,
        0.832428948
      ],
      "exit_codes": [
        0,
        0,
        0,
        0,
        0,
        0,
        0,
        0,
        0,
        0
      ],
      "parameters": {
        "n_threads": "16"
      }
    },
    {
      "command": "java ../Java/Tas.java 32",
      "mean": 0.760406068,
      "stddev": 0.03805845897265006,
      "median": 0.7473310479999999,
      "user": 0.5296875,
      "system": 0.07250000000000001,
      "min": 0.710438848,
      "max": 0.827991348,
      "times": [
        0.811295348,
        0.736352348,
        0.789397648,
        0.748874848,
        0.768727048,
        0.732269048,
        0.745787248,
        0.827991348,
        0.732926948,
        0.710438848
      ],
      "exit_codes": [
        0,
        0,
        0,
        0,
        0,
        0,
        0,
        0,
        0,
        0
      ],
      "parameters": {
        "n_threads": "32"
      }
    },
    {
      "command": "java ../Java/Tas.java 64",
      "mean": 0.751348558,
      "stddev": 0.027207139496889823,
      "median": 0.744583648,
      "user": 0.509375,
      "system": 0.0646875,
      "min": 0.719667048,
      "max": 0.804294748,
      "times": [
        0.804294748,
        0.769647948,
        0.734509948,
        0.721488348,
        0.764586648,
        0.732620048,
        0.749241148,
        0.719667048,
        0.739926148,
        0.777503548
      ],
      "exit_codes": [
        0,
        0,
        0,
        0,
        0,
        0,
        0,
        0,
        0,
        0
      ],
      "parameters": {
        "n_threads": "64"
      }
    },
    {
      "command": "java ../Java/Tas.java 128",
      "mean": 0.759087978,
      "stddev": 0.018927457737961905,
      "median": 0.760335048,
      "user": 0.5125,
      "system": 0.063125,
      "min": 0.722175948,
      "max": 0.797354548,
      "times": [
        0.762445848,
        0.722175948,
        0.767436648,
        0.761187548,
        0.797354548,
        0.746663048,
        0.759482548,
        0.757201248,
        0.767217148,
        0.749715248
      ],
      "exit_codes": [
        0,
        0,
        0,
        0,
        0,
        0,
        0,
        0,
        0,
        0
      ],
      "parameters": {
        "n_threads": "128"
      }
    },
    {
      "command": "java ../Java/Tas.java 256",
      "mean": 0.784316838,
      "stddev": 0.03913454833841975,
      "median": 0.780413748,
      "user": 0.5328125,
      "system": 0.0834375,
      "min": 0.718581748,
      "max": 0.855595148,
      "times": [
        0.759598948,
        0.781628848,
        0.779198648,
        0.718581748,
        0.766686348,
        0.750032748,
        0.815197948,
        0.799810548,
        0.855595148,
        0.816837448
      ],
      "exit_codes": [
        0,
        0,
        0,
        0,
        0,
        0,
        0,
        0,
        0,
        0
      ],
      "parameters": {
        "n_threads": "256"
      }
    },
    {
      "command": "java ../Java/Tas.java 512",
      "mean": 0.8123538380000002,
      "stddev": 0.046380594153744244,
      "median": 0.8153415980000001,
      "user": 0.6625,
      "system": 0.12406249999999999,
      "min": 0.732636548,
      "max": 0.898980548,
      "times": [
        0.813359548,
        0.860431648,
        0.817323648,
        0.898980548,
        0.783047948,
        0.797997948,
        0.732636548,
        0.817380248,
        0.770984448,
        0.831395848
      ],
      "exit_codes": [
        0,
        0,
        0,
        0,
        0,
        0,
        0,
        0,
        0,
        0
      ],
      "parameters": {
        "n_threads": "512"
      }
    },
    {
      "command": "java ../Java/Tas.java 1024",
      "mean": 0.8798207080000001,
      "stddev": 0.038060959823338375,
      "median": 0.887605048,
      "user": 0.7234375,
      "system": 0.24125000000000002,
      "min": 0.793452248,
      "max": 0.928394048,
      "times": [
        0.858320148,
        0.905153748,
        0.899388548,
        0.887049748,
        0.793452248,
        0.928394048,
        0.888160348,
        0.907771748,
        0.851033048,
        0.879483448
      ],
      "exit_codes": [
        0,
        0,
        0,
        0,
        0,
        0,
        0,
        0,
        0,
        0
      ],
      "parameters": {
        "n_threads": "1024"
      }
    }
  ]
}
